-- Mycelium Breakage Pattern Database
-- Generated: 2026-02-11T01:43:02.738Z
-- Repo: webapp
-- Schema version: 2.0

PRAGMA journal_mode=WAL;

CREATE TABLE IF NOT EXISTS repos (
  id TEXT PRIMARY KEY,
  name TEXT NOT NULL,
  total_commits INTEGER DEFAULT 0,
  analyzed_commits INTEGER DEFAULT 0,
  first_date TEXT,
  last_date TEXT,
  mined_at TEXT NOT NULL
);

CREATE TABLE IF NOT EXISTS patterns (
  id TEXT PRIMARY KEY,
  repo_id TEXT NOT NULL,
  name TEXT NOT NULL,
  frequency INTEGER NOT NULL,
  category TEXT NOT NULL,
  technology TEXT,
  severity TEXT CHECK(severity IN ('low','medium','high','critical')),
  rule TEXT NOT NULL,
  root_cause TEXT,
  created_at TEXT NOT NULL,
  FOREIGN KEY (repo_id) REFERENCES repos(id)
);

CREATE TABLE IF NOT EXISTS pattern_examples (
  id INTEGER PRIMARY KEY AUTOINCREMENT,
  pattern_id TEXT NOT NULL,
  commit_hash TEXT,
  commit_message TEXT,
  commit_date TEXT,
  FOREIGN KEY (pattern_id) REFERENCES patterns(id)
);

CREATE TABLE IF NOT EXISTS hotspots (
  id INTEGER PRIMARY KEY AUTOINCREMENT,
  repo_id TEXT NOT NULL,
  file_path TEXT NOT NULL,
  total_changes INTEGER NOT NULL,
  fix_count INTEGER NOT NULL,
  fix_rate REAL NOT NULL,
  risk_level TEXT CHECK(risk_level IN ('low','medium','high','critical')),
  FOREIGN KEY (repo_id) REFERENCES repos(id)
);

CREATE TABLE IF NOT EXISTS coupling (
  id INTEGER PRIMARY KEY AUTOINCREMENT,
  repo_id TEXT NOT NULL,
  file_a TEXT NOT NULL,
  file_b TEXT NOT NULL,
  co_change_count INTEGER NOT NULL,
  strength TEXT CHECK(strength IN ('weak','moderate','strong')),
  FOREIGN KEY (repo_id) REFERENCES repos(id)
);

CREATE TABLE IF NOT EXISTS fix_commits (
  id INTEGER PRIMARY KEY AUTOINCREMENT,
  repo_id TEXT NOT NULL,
  commit_hash TEXT NOT NULL,
  commit_date TEXT,
  author TEXT,
  message TEXT,
  category TEXT,
  pattern TEXT,
  severity TEXT,
  root_cause TEXT,
  file_count INTEGER,
  confidence REAL,
  FOREIGN KEY (repo_id) REFERENCES repos(id)
);

CREATE TABLE IF NOT EXISTS fix_chains (
  id INTEGER PRIMARY KEY AUTOINCREMENT,
  repo_id TEXT NOT NULL,
  break_hash TEXT,
  break_message TEXT,
  fix_hash TEXT,
  fix_message TEXT,
  hours_to_fix REAL,
  FOREIGN KEY (repo_id) REFERENCES repos(id)
);

CREATE INDEX IF NOT EXISTS idx_patterns_category ON patterns(category);
CREATE INDEX IF NOT EXISTS idx_patterns_severity ON patterns(severity);
CREATE INDEX IF NOT EXISTS idx_patterns_frequency ON patterns(frequency DESC);
CREATE INDEX IF NOT EXISTS idx_hotspots_fix_rate ON hotspots(fix_rate DESC);
CREATE INDEX IF NOT EXISTS idx_coupling_count ON coupling(co_change_count DESC);
CREATE INDEX IF NOT EXISTS idx_fix_commits_category ON fix_commits(category);

INSERT OR REPLACE INTO repos VALUES ('webapp', 'webapp', 580, 500, '2026-01-23', '2026-02-11', '2026-02-11T01:43:02.738Z');

INSERT OR REPLACE INTO patterns VALUES ('MCL-WRONG-CSS-VALUE', 'webapp', 'wrong-css-value', 25, 'css-layout', 'html', 'low', 'CSS value changes should be tested at multiple screen sizes. Check for inherited properties and specificity conflicts.', 'Changed height: 120px → 100%. Also: Changed background: linear-gradient(180deg,#ffcc70 0%,#ff9500 30%,#ff6b00 60%,#cc4400 100%) → radial-gradient(ellipse at 20% 20%,rgba(255,107,0,.2) 0%,transparent 50%),radial-gradient(ellipse at 80% 80%,rgba(255,157,77,.15) 0%,transparent 50%); Changed height: 100', '2026-02-11T01:43:02.738Z');
INSERT INTO pattern_examples (pattern_id, commit_hash, commit_message, commit_date) VALUES ('MCL-WRONG-CSS-VALUE', '652f3af8', 'fix(ship): sync-back handles stash + CLAUDE.md documents ship as mandatory deploy method', '2026-02-09');
INSERT INTO pattern_examples (pattern_id, commit_hash, commit_message, commit_date) VALUES ('MCL-WRONG-CSS-VALUE', '5111c6a4', 'fix(ui): Move card counter to LEFT side - no more overlap', '2026-02-06');
INSERT INTO pattern_examples (pattern_id, commit_hash, commit_message, commit_date) VALUES ('MCL-WRONG-CSS-VALUE', '406af4d9', 'fix(ui): Larger filter buttons and fix card counter overlap', '2026-02-06');
INSERT INTO pattern_examples (pattern_id, commit_hash, commit_message, commit_date) VALUES ('MCL-WRONG-CSS-VALUE', '4e5dd99c', 'fix(ui): Moderate font size increase without overlapping', '2026-02-06');
INSERT INTO pattern_examples (pattern_id, commit_hash, commit_message, commit_date) VALUES ('MCL-WRONG-CSS-VALUE', '901f9be7', 'FIX: Loading screen animations restored', '2026-02-04');
INSERT OR REPLACE INTO patterns VALUES ('MCL-OVERFLOW-HIDDEN-CLIPS-CHILDREN', 'webapp', 'overflow-hidden-clips-children', 12, 'css-layout', 'html', 'high', 'overflow:hidden on a parent silently clips children that extend beyond bounds. Check all child elements before adding it.', 'Added overflow:hidden — may clip child elements. Also: Changed cards: fill width with 4px gaps, minimum 64px */
--board-card-width: clamp(64px, calc((100vw - 40px) / 5), 80px) → compact to leave room for hand */
--board-card-width: clamp(56px, calc((100vw - 40px) / 5), 72px); Changed board-card-heig', '2026-02-11T01:43:02.738Z');
INSERT INTO pattern_examples (pattern_id, commit_hash, commit_message, commit_date) VALUES ('MCL-OVERFLOW-HIDDEN-CLIPS-CHILDREN', '46cec269', 'fix(battle): Mobile hand cards visibility + fix Illegal return statement', '2026-02-08');
INSERT INTO pattern_examples (pattern_id, commit_hash, commit_message, commit_date) VALUES ('MCL-OVERFLOW-HIDDEN-CLIPS-CHILDREN', '1c919aa6', 'fix(battle): Fix mobile hand cards not visible — arena overflow + flex layout', '2026-02-08');
INSERT INTO pattern_examples (pattern_id, commit_hash, commit_message, commit_date) VALUES ('MCL-OVERFLOW-HIDDEN-CLIPS-CHILDREN', '420f4e6f', 'fix(avatar-studio): Improve mobile touch interactions', '2026-02-06');
INSERT INTO pattern_examples (pattern_id, commit_hash, commit_message, commit_date) VALUES ('MCL-OVERFLOW-HIDDEN-CLIPS-CHILDREN', 'ef1dbc62', 'fix: Unify card templates + remove ART COMING badge', '2026-02-03');
INSERT INTO pattern_examples (pattern_id, commit_hash, commit_message, commit_date) VALUES ('MCL-OVERFLOW-HIDDEN-CLIPS-CHILDREN', 'e0240e01', 'fix: 📱 Mobile-optimized Battle Arena v3.0', '2026-02-03');
INSERT OR REPLACE INTO patterns VALUES ('MCL-I18N-MISSING-TRANSLATION', 'webapp', 'i18n-missing-translation', 9, 'i18n', 'html', 'medium', 'feat(regression): 12 real regression tests targeting actual breakage patterns — caught and fixed digit-starting i18n key bug in index.html. RULE: Ensure all user-visible strings go through the translation system.', 'feat(regression): 12 real regression tests targeting actual breakage patterns — caught and fixed digit-starting i18n key bug in index.html', '2026-02-11T01:43:02.738Z');
INSERT INTO pattern_examples (pattern_id, commit_hash, commit_message, commit_date) VALUES ('MCL-I18N-MISSING-TRANSLATION', '1998cc92', 'feat(regression): 12 real regression tests targeting actual breakage patterns — caught and fixed dig', '2026-02-09');
INSERT INTO pattern_examples (pattern_id, commit_hash, commit_message, commit_date) VALUES ('MCL-I18N-MISSING-TRANSLATION', '98b541bd', 'feat(sentinel): Upgrade to v2.5 — 10-module health platform with trend tracking & auto-fix engine', '2026-02-07');
INSERT INTO pattern_examples (pattern_id, commit_hash, commit_message, commit_date) VALUES ('MCL-I18N-MISSING-TRANSLATION', 'a3046c00', 'Fix: use data-i18n-html for HTML content in wyckoff intro', '2026-02-05');
INSERT INTO pattern_examples (pattern_id, commit_hash, commit_message, commit_date) VALUES ('MCL-I18N-MISSING-TRANSLATION', '7b4ab8d3', 'Embassy: fix language toggle + add hero banner', '2026-02-04');
INSERT INTO pattern_examples (pattern_id, commit_hash, commit_message, commit_date) VALUES ('MCL-I18N-MISSING-TRANSLATION', 'b86f9492', 'fix: Complete i18n translations for Wyckoff page - all 113 keys', '2026-02-03');
INSERT OR REPLACE INTO patterns VALUES ('MCL-MISSING-PRECONDITION-CHECK', 'webapp', 'missing-precondition-check', 6, 'null-reference', 'javascript', 'medium', 'Validate prerequisites before executing logic. Check that DOM elements exist, APIs are loaded, and data is present before using them.', 'selfHeal gated at 10 commits, but squash workflow compresses 4-5→1,', '2026-02-11T01:43:02.738Z');
INSERT INTO pattern_examples (pattern_id, commit_hash, commit_message, commit_date) VALUES ('MCL-MISSING-PRECONDITION-CHECK', '40f1d812', 'fix(showcase): NaN scores, mobile charts 2x, fonts doubled, README rewrite for Mycelium', '2026-02-09');
INSERT INTO pattern_examples (pattern_id, commit_hash, commit_message, commit_date) VALUES ('MCL-MISSING-PRECONDITION-CHECK', 'dd67dac1', 'fix(automation): make learning system fully automatic — no manual heal/eval needed (#13)', '2026-02-09');
INSERT INTO pattern_examples (pattern_id, commit_hash, commit_message, commit_date) VALUES ('MCL-MISSING-PRECONDITION-CHECK', '76de3af6', 'fix(battle): Move deck building + hand dealing to START button click', '2026-02-08');
INSERT INTO pattern_examples (pattern_id, commit_hash, commit_message, commit_date) VALUES ('MCL-MISSING-PRECONDITION-CHECK', '4573bc73', 'Fix guide: translation keys now resolve properly (ui.title, ui.newBadge)', '2026-02-02');
INSERT INTO pattern_examples (pattern_id, commit_hash, commit_message, commit_date) VALUES ('MCL-MISSING-PRECONDITION-CHECK', '8490b7f4', 'Optimize images and fix sound lag', '2026-02-02');
INSERT OR REPLACE INTO patterns VALUES ('MCL-SCRIPT-ORDER-DEPENDENCY', 'webapp', 'script-order-dependency', 6, 'load-order', 'html', 'high', 'Scripts that call each other''s globals must load in dependency order. Document the dependency chain in a comment.', 'Reordered scripts: 6 removed, 2 added. Also: Added missing return statement — function was returning undefined; Added typeof !== undefined guard — variable was used before definition', '2026-02-11T01:43:02.738Z');
INSERT INTO pattern_examples (pattern_id, commit_hash, commit_message, commit_date) VALUES ('MCL-SCRIPT-ORDER-DEPENDENCY', '3affe035', 'fix(battle): Auto-start game when overlay isn''t visible on iOS', '2026-02-08');
INSERT INTO pattern_examples (pattern_id, commit_hash, commit_message, commit_date) VALUES ('MCL-SCRIPT-ORDER-DEPENDENCY', 'e25565d5', 'fix(battle): Don''t block init on Audio.init() - fixes iOS hand empty bug', '2026-02-08');
INSERT INTO pattern_examples (pattern_id, commit_hash, commit_message, commit_date) VALUES ('MCL-SCRIPT-ORDER-DEPENDENCY', 'a64bf8da', 'fix(battle): Add mobile debug overlay + cache busting v5.1', '2026-02-08');
INSERT INTO pattern_examples (pattern_id, commit_hash, commit_message, commit_date) VALUES ('MCL-SCRIPT-ORDER-DEPENDENCY', 'e0cce52b', 'fix: Remove BGM button, fix back-to-top position, add i18n to guild homepage', '2026-02-01');
INSERT INTO pattern_examples (pattern_id, commit_hash, commit_message, commit_date) VALUES ('MCL-SCRIPT-ORDER-DEPENDENCY', 'd96d0d30', '🎮 BIG UPDATE: Top 5 improvements + Quick fixes', '2026-01-30');
INSERT OR REPLACE INTO patterns VALUES ('MCL-MISSING-NULL-GUARD', 'webapp', 'missing-null-guard', 6, 'null-reference', 'html', 'medium', 'Check for null/undefined before accessing properties. Common sources: DOM queries returning null, missing API fields, uninitialized state.', 'Added 1 optional chaining operator(s) — null reference fix. Also: Added && guard — was executing without prerequisite check; Modified conditional logic', '2026-02-11T01:43:02.738Z');
INSERT INTO pattern_examples (pattern_id, commit_hash, commit_message, commit_date) VALUES ('MCL-MISSING-NULL-GUARD', 'ec3364d0', 'fix(cards): Fix language toggle not working', '2026-02-06');
INSERT INTO pattern_examples (pattern_id, commit_hash, commit_message, commit_date) VALUES ('MCL-MISSING-NULL-GUARD', 'fcb85258', 'Fix merch.html: null element error crashing product grid render', '2026-02-04');
INSERT INTO pattern_examples (pattern_id, commit_hash, commit_message, commit_date) VALUES ('MCL-MISSING-NULL-GUARD', '019988ea', 'fix: Use unified nw-nav i18n system for Wyckoff page', '2026-02-03');
INSERT INTO pattern_examples (pattern_id, commit_hash, commit_message, commit_date) VALUES ('MCL-MISSING-NULL-GUARD', '08b88851', 'v2.1.5: Fix AI chat position + GM ID display', '2026-02-02');
INSERT INTO pattern_examples (pattern_id, commit_hash, commit_message, commit_date) VALUES ('MCL-MISSING-NULL-GUARD', '90e09abc', 'Fix battle: improved deck creation with fallbacks, better error handling and logging', '2026-02-01');
INSERT OR REPLACE INTO patterns VALUES ('MCL-CSS-LAYOUT-ISSUE', 'webapp', 'css-layout-issue', 6, 'css-layout', 'html', 'medium', 'JS errors: add missing helper scripts and resolve currentLang redeclaration. RULE: Test layout at 320px, 768px, 1024px after CSS changes.', 'JS errors: add missing helper scripts and resolve currentLang redeclaration', '2026-02-11T01:43:02.738Z');
INSERT INTO pattern_examples (pattern_id, commit_hash, commit_message, commit_date) VALUES ('MCL-CSS-LAYOUT-ISSUE', 'fad1a83f', 'Fix: Regina (one g) in nav as guild ship', '2026-02-02');
INSERT INTO pattern_examples (pattern_id, commit_hash, commit_message, commit_date) VALUES ('MCL-CSS-LAYOUT-ISSUE', 'cc75d631', 'Fix JS errors: add missing helper scripts and resolve currentLang redeclaration', '2026-02-02');
INSERT INTO pattern_examples (pattern_id, commit_hash, commit_message, commit_date) VALUES ('MCL-CSS-LAYOUT-ISSUE', 'b59c97f0', 'Fix: setupDevModeUI error, add GM mode event listeners for UI updates', '2026-02-01');
INSERT INTO pattern_examples (pattern_id, commit_hash, commit_message, commit_date) VALUES ('MCL-CSS-LAYOUT-ISSUE', '304a4223', 'fix: Regenerate Zakum equipment images with proper 3D golden style', '2026-01-31');
INSERT INTO pattern_examples (pattern_id, commit_hash, commit_message, commit_date) VALUES ('MCL-CSS-LAYOUT-ISSUE', 'b6d7f8bd', 'Fix roster: use JSON data, show CP gains, add 小可愛 role style (pink)', '2026-01-26');
INSERT OR REPLACE INTO patterns VALUES ('MCL-UNHANDLED-EXCEPTION', 'webapp', 'unhandled-exception', 5, 'error-handling', 'html', 'medium', 'Wrap external calls (DOM, fetch, JSON.parse, localStorage) in try-catch. Unhandled exceptions crash the entire function.', 'Wrapped code in try-catch — was crashing on error. Also: Added storage access safety — was crashing on parse error or missing key; Wrapped code in try-catch — was crashing on error', '2026-02-11T01:43:02.738Z');
INSERT INTO pattern_examples (pattern_id, commit_hash, commit_message, commit_date) VALUES ('MCL-UNHANDLED-EXCEPTION', 'd9865b53', 'feat(self-heal): auto-eval + auto-fix learning system on every snapshot (#10)', '2026-02-09');
INSERT INTO pattern_examples (pattern_id, commit_hash, commit_message, commit_date) VALUES ('MCL-UNHANDLED-EXCEPTION', '7db8899a', 'fix: iOS language toggle on markets page - improved touch handling', '2026-02-03');
INSERT INTO pattern_examples (pattern_id, commit_hash, commit_message, commit_date) VALUES ('MCL-UNHANDLED-EXCEPTION', '0180614a', '🔊 FIX: Audio for mobile iOS', '2026-01-30');
INSERT INTO pattern_examples (pattern_id, commit_hash, commit_message, commit_date) VALUES ('MCL-UNHANDLED-EXCEPTION', 'c05f7785', 'Fix countdown and add debug skip param', '2026-01-30');
INSERT INTO pattern_examples (pattern_id, commit_hash, commit_message, commit_date) VALUES ('MCL-UNHANDLED-EXCEPTION', 'e0e2ee91', 'Fix countdown - add error handling and fix screenShake param', '2026-01-30');
INSERT OR REPLACE INTO patterns VALUES ('MCL-MISSING-RETURN-STATEMENT', 'webapp', 'missing-return-statement', 5, 'logic-error', 'html', 'high', 'Functions that compute values must return them. Missing return causes undefined results and silent failures.', 'Added missing return statement — function was returning undefined. Also: Added missing return statement — function was returning undefined; Added missing return statement — function was returning undefined', '2026-02-11T01:43:02.738Z');
INSERT INTO pattern_examples (pattern_id, commit_hash, commit_message, commit_date) VALUES ('MCL-MISSING-RETURN-STATEMENT', 'd68c5168', 'Fix Events page JS variable conflicts with i18n.js', '2026-02-05');
INSERT INTO pattern_examples (pattern_id, commit_hash, commit_message, commit_date) VALUES ('MCL-MISSING-RETURN-STATEMENT', '776a6756', 'Fix: GM mode persistence - call setupModeUI after wallet init, explicit GM check in spendLogs', '2026-02-01');
INSERT INTO pattern_examples (pattern_id, commit_hash, commit_message, commit_date) VALUES ('MCL-MISSING-RETURN-STATEMENT', '4fed8b85', '🎴 FIX: Cards now show with REAL images', '2026-01-30');
INSERT INTO pattern_examples (pattern_id, commit_hash, commit_message, commit_date) VALUES ('MCL-MISSING-RETURN-STATEMENT', 'b92756f8', '🔧 FIX: DEV MODE fully working - tear animation ready', '2026-01-30');
INSERT INTO pattern_examples (pattern_id, commit_hash, commit_message, commit_date) VALUES ('MCL-MISSING-RETURN-STATEMENT', '1cd9a239', 'Fix gacha image display - add error handling and fallbacks', '2026-01-29');
INSERT OR REPLACE INTO patterns VALUES ('MCL-TEST-ISSUE', 'webapp', 'test-issue', 4, 'test-failure', 'config', 'medium', 'make mycelium work on any repo — fix --init crash, strip NumbahWan refs, fix watch.cjs syntax errors, rename .nw-* to .mycelium-*, tested end-to-end o. RULE: Review carefully before committing.', 'make mycelium work on any repo — fix --init crash, strip NumbahWan refs, fix watch.cjs syntax errors, rename .nw-* to .mycelium-*, tested end-to-end on fresh repo', '2026-02-11T01:43:02.738Z');
INSERT INTO pattern_examples (pattern_id, commit_hash, commit_message, commit_date) VALUES ('MCL-TEST-ISSUE', 'f965e84e', 'fix(portable): make mycelium work on any repo — fix --init crash, strip NumbahWan refs, fix watch.cj', '2026-02-09');
INSERT INTO pattern_examples (pattern_id, commit_hash, commit_message, commit_date) VALUES ('MCL-TEST-ISSUE', '847fe089', 'fix(honesty): record underselling breakage + add HONESTY GATE to CLAUDE.md — never claim something d', '2026-02-09');
INSERT INTO pattern_examples (pattern_id, commit_hash, commit_message, commit_date) VALUES ('MCL-TEST-ISSUE', 'adf49f14', 'fix(showcase): strip fake impact metrics (hours/money/pts saved) — replace with provable numbers onl', '2026-02-09');
INSERT INTO pattern_examples (pattern_id, commit_hash, commit_message, commit_date) VALUES ('MCL-TEST-ISSUE', 'b9efa485', 'Revert "Update roster: 9 active members with latest CP data (2026-01-26)"', '2026-01-26');
INSERT OR REPLACE INTO patterns VALUES ('MCL-MISSING-RESPONSIVE-BREAKPOINT', 'webapp', 'missing-responsive-breakpoint', 4, 'mobile-compat', 'html', 'medium', 'Test every UI change at 320px, 768px, and 1024px. Add @media breakpoints for layouts that break at different screen sizes.', 'Added responsive breakpoint — was broken on different screen sizes. Also: Changed width: min(320px, 80vw) → min(340px, 85vw); Changed height: calc(min(320px, 80vw) * 1.4) → calc(min(340px, 85vw) * 1.4)', '2026-02-11T01:43:02.738Z');
INSERT INTO pattern_examples (pattern_id, commit_hash, commit_message, commit_date) VALUES ('MCL-MISSING-RESPONSIVE-BREAKPOINT', 'e231b1af', 'Fix iOS mobile overlap on Profile Card', '2026-02-04');
INSERT INTO pattern_examples (pattern_id, commit_hash, commit_message, commit_date) VALUES ('MCL-MISSING-RESPONSIVE-BREAKPOINT', 'd8f57156', 'Fix UX: Remove blocking back buttons, add NW_NAV integration, improve scroll behavior', '2026-02-02');
INSERT INTO pattern_examples (pattern_id, commit_hash, commit_message, commit_date) VALUES ('MCL-MISSING-RESPONSIVE-BREAKPOINT', '0efeaa30', 'Fix mobile layout - horizontal scroll watchlist, proper sizing', '2026-02-01');
INSERT INTO pattern_examples (pattern_id, commit_hash, commit_message, commit_date) VALUES ('MCL-MISSING-RESPONSIVE-BREAKPOINT', '2657a1b2', '🔧 FIX: Pack/card sizing and centering issues', '2026-01-30');
INSERT OR REPLACE INTO patterns VALUES ('MCL-API-CONTRACT-ISSUE', 'webapp', 'api-contract-issue', 4, 'api-contract', 'html', 'medium', 'card carousel to use cards-v2.json and correct image path. RULE: Validate API response shape before accessing fields.', 'card carousel to use cards-v2.json and correct image path', '2026-02-11T01:43:02.738Z');
INSERT INTO pattern_examples (pattern_id, commit_hash, commit_message, commit_date) VALUES ('MCL-API-CONTRACT-ISSUE', '397c3322', 'fix: Update cards.json to use .webp extensions', '2026-02-03');
INSERT INTO pattern_examples (pattern_id, commit_hash, commit_message, commit_date) VALUES ('MCL-API-CONTRACT-ISSUE', 'dfa41bc3', 'fix: Make live ticker actually tick every 2 seconds', '2026-02-03');
INSERT INTO pattern_examples (pattern_id, commit_hash, commit_message, commit_date) VALUES ('MCL-API-CONTRACT-ISSUE', '7ab85001', 'Fix images: Download and convert to local webp files', '2026-02-01');
INSERT INTO pattern_examples (pattern_id, commit_hash, commit_message, commit_date) VALUES ('MCL-API-CONTRACT-ISSUE', '18683e42', 'Fix card carousel to use cards-v2.json and correct image path', '2026-01-29');
INSERT OR REPLACE INTO patterns VALUES ('MCL-WRONG-ASSET-PATH', 'webapp', 'wrong-asset-path', 3, 'build-config', 'html', 'low', 'Use path constants or import for assets. Hardcoded paths break when files move or builds change output directories.', 'Changed resource path. Also: Changed resource path; Changed resource path', '2026-02-11T01:43:02.738Z');
INSERT INTO pattern_examples (pattern_id, commit_hash, commit_message, commit_date) VALUES ('MCL-WRONG-ASSET-PATH', '101f6578', 'FIX: Optimized currency icons + market page fixes', '2026-02-04');
INSERT INTO pattern_examples (pattern_id, commit_hash, commit_message, commit_date) VALUES ('MCL-WRONG-ASSET-PATH', 'b46c0f14', 'fix: Convert all Zakum images to local WebP files', '2026-01-31');
INSERT INTO pattern_examples (pattern_id, commit_hash, commit_message, commit_date) VALUES ('MCL-WRONG-ASSET-PATH', '795e51b4', 'Revert "Add splash screen: instant branded screen before loading (0 dependencies)"', '2026-01-27');
INSERT OR REPLACE INTO patterns VALUES ('MCL-USE-BEFORE-DEFINE', 'webapp', 'use-before-define', 3, 'null-reference', 'html', 'high', 'Use typeof check before accessing globals that may not be loaded yet. This often indicates a load-order dependency.', 'Added typeof !== undefined guard — variable was used before definition. Also: Added missing return statement — function was returning undefined; Added || [] fallback — was calling array method on undefined', '2026-02-11T01:43:02.738Z');
INSERT INTO pattern_examples (pattern_id, commit_hash, commit_message, commit_date) VALUES ('MCL-USE-BEFORE-DEFINE', 'ea47b53c', 'FIX: Wallet ID loading + currency display', '2026-02-04');
INSERT INTO pattern_examples (pattern_id, commit_hash, commit_message, commit_date) VALUES ('MCL-USE-BEFORE-DEFINE', 'd349facd', 'Fix FAB visibility on museum/vault pages and add inline icons to all nw-ux.js pages', '2026-02-01');
INSERT INTO pattern_examples (pattern_id, commit_hash, commit_message, commit_date) VALUES ('MCL-USE-BEFORE-DEFINE', 'b4a49052', '🍎 FIX: iOS audio unlock - init on first touch', '2026-01-30');
INSERT OR REPLACE INTO patterns VALUES ('MCL-OBJECT-FIT-CROPS-CONTENT', 'webapp', 'object-fit-crops-content', 3, 'css-layout', 'html', 'medium', 'object-fit:cover crops images to fill container. Use contain if the full image must be visible (e.g., card art, logos).', 'Changed object-fit: cover → contain — image was being cropped. Also: Changed width: calc(100% - 16px) → calc(100% - 12px); Changed height: 180px → 200px', '2026-02-11T01:43:02.738Z');
INSERT INTO pattern_examples (pattern_id, commit_hash, commit_message, commit_date) VALUES ('MCL-OBJECT-FIT-CROPS-CONTENT', 'f2d6ceac', 'fix: Show FULL card art - no cropping sword/feet', '2026-02-03');
INSERT INTO pattern_examples (pattern_id, commit_hash, commit_message, commit_date) VALUES ('MCL-OBJECT-FIT-CROPS-CONTENT', 'd48306d7', 'fix: Show full card art without cropping', '2026-02-03');
INSERT INTO pattern_examples (pattern_id, commit_hash, commit_message, commit_date) VALUES ('MCL-OBJECT-FIT-CROPS-CONTENT', '2fb6494d', 'Fix: Show full image (object-fit: contain), add lightbox for full-screen view on click', '2026-01-27');
INSERT OR REPLACE INTO patterns VALUES ('MCL-MISSING-AWAIT', 'webapp', 'missing-await', 3, 'async-timing', 'html', 'high', 'Every async function call that returns data you use must be awaited. Missing await causes race conditions where code uses stale/undefined values.', 'Added missing await — was ignoring promise result. Also: Added missing return statement — function was returning undefined; Added 2 optional chaining operator(s) — null reference fix', '2026-02-11T01:43:02.738Z');
INSERT INTO pattern_examples (pattern_id, commit_hash, commit_message, commit_date) VALUES ('MCL-MISSING-AWAIT', 'cd3cc0ff', 'Fix llms.txt routing - add explicit route with correct content-type', '2026-02-01');
INSERT INTO pattern_examples (pattern_id, commit_hash, commit_message, commit_date) VALUES ('MCL-MISSING-AWAIT', 'cade89c1', '🎴 FIX: Load all 108 cards from NW_CARDS', '2026-01-30');
INSERT INTO pattern_examples (pattern_id, commit_hash, commit_message, commit_date) VALUES ('MCL-MISSING-AWAIT', '7c3c48be', 'Fix card loading - await NW_CARDS.init() before getAll()', '2026-01-30');
INSERT OR REPLACE INTO patterns VALUES ('MCL-INNERHTML-DESTROYS-HANDLERS', 'webapp', 'innerhtml-destroys-handlers', 2, 'dom-mutation', 'css', 'high', 'innerHTML = ... destroys all event handlers on child elements. Use textContent for text-only updates, or insertAdjacentHTML/replaceWith to preserve siblings.', 'Replaced innerHTML with textContent — XSS or handler-destruction fix. Also: Added missing return statement — function was returning undefined; Changed font-size: 14px">◆</span><span class="nw-val nwg" id="nwfNwg">0</span></div>'' +
''<div class="nw-item"><span style="font-size:14px">●</span><span clas', '2026-02-11T01:43:02.738Z');
INSERT INTO pattern_examples (pattern_id, commit_hash, commit_message, commit_date) VALUES ('MCL-INNERHTML-DESTROYS-HANDLERS', '8c0ab149', 'UX: Fix currency display and icon centering', '2026-02-04');
INSERT INTO pattern_examples (pattern_id, commit_hash, commit_message, commit_date) VALUES ('MCL-INNERHTML-DESTROYS-HANDLERS', 'dd10415e', '🎴 SIMPLIFIED: Remove orange bar, add text label, fix tear animation', '2026-01-30');
INSERT OR REPLACE INTO patterns VALUES ('MCL-DEFER-BEFORE-DEPENDENCY', 'webapp', 'defer-before-dependency', 2, 'load-order', 'html', 'high', 'Never use defer on scripts that other scripts depend on at load time. If script B calls script A''s globals, A must load synchronously before B.', 'Removed defer attribute from script tag. Also: Removed overflow:hidden to fix clipping', '2026-02-11T01:43:02.738Z');
INSERT INTO pattern_examples (pattern_id, commit_hash, commit_message, commit_date) VALUES ('MCL-DEFER-BEFORE-DEPENDENCY', 'c7444a4c', 'fix: 🖼️ Consolidate battle pages + cache-bust images', '2026-02-03');
INSERT INTO pattern_examples (pattern_id, commit_hash, commit_message, commit_date) VALUES ('MCL-DEFER-BEFORE-DEPENDENCY', '4e38faf9', 'Fix: Serve main page from public/index.html instead of inline HTML', '2026-01-28');
INSERT OR REPLACE INTO patterns VALUES ('MCL-MISSING-TOUCH-SUPPORT', 'webapp', 'missing-touch-support', 2, 'mobile-compat', 'javascript', 'medium', 'Desktop-only event handlers (click, hover) don''t work on mobile. Always test touch interactions and add touch/pointer event handlers.', 'Added touch event handling — broken on mobile. Also: Modified conditional logic; Added touch event handling — broken on mobile', '2026-02-11T01:43:02.738Z');
INSERT INTO pattern_examples (pattern_id, commit_hash, commit_message, commit_date) VALUES ('MCL-MISSING-TOUCH-SUPPORT', '16f314d1', 'fix: Mobile touch events for AI Guide send button', '2026-02-03');
INSERT INTO pattern_examples (pattern_id, commit_hash, commit_message, commit_date) VALUES ('MCL-MISSING-TOUCH-SUPPORT', 'a176bd1f', '🎴 FIX: Season switching now works + unified nav system', '2026-01-31');
INSERT OR REPLACE INTO patterns VALUES ('MCL-RACE-CONDITION-NEEDS-DELAY', 'webapp', 'race-condition-needs-delay', 2, 'async-timing', 'html', 'medium', 'If you need setTimeout to fix a bug, you have a race condition. Find the root cause (missing callback, wrong event, load order) instead of papering over it with delays.', 'Added setTimeout(500ms) — timing/race condition fix. Also: Added setTimeout(300ms) — timing/race condition fix; Added string fallback — was showing undefined/null in UI', '2026-02-11T01:43:02.738Z');
INSERT INTO pattern_examples (pattern_id, commit_hash, commit_message, commit_date) VALUES ('MCL-RACE-CONDITION-NEEDS-DELAY', '4fe42b05', 'Fix: Daily reward claim feedback - toast, disabled state, shake animation', '2026-02-02');
INSERT INTO pattern_examples (pattern_id, commit_hash, commit_message, commit_date) VALUES ('MCL-RACE-CONDITION-NEEDS-DELAY', '6bf2e0c6', '🔧 FIX: Card reveal animation - rename variable conflict + safety net', '2026-01-30');

INSERT INTO hotspots (repo_id, file_path, total_changes, fix_count, fix_rate, risk_level) VALUES ('webapp', 'src/index.tsx', 101, 15, 0.149, 'low');
INSERT INTO hotspots (repo_id, file_path, total_changes, fix_count, fix_rate, risk_level) VALUES ('webapp', 'public/forge.html', 91, 30, 0.33, 'high');
INSERT INTO hotspots (repo_id, file_path, total_changes, fix_count, fix_rate, risk_level) VALUES ('webapp', 'public/battle.html', 58, 19, 0.328, 'high');
INSERT INTO hotspots (repo_id, file_path, total_changes, fix_count, fix_rate, risk_level) VALUES ('webapp', 'public/static/nw-nav.js', 52, 10, 0.192, 'medium');
INSERT INTO hotspots (repo_id, file_path, total_changes, fix_count, fix_rate, risk_level) VALUES ('webapp', 'public/index.html', 39, 7, 0.179, 'medium');
INSERT INTO hotspots (repo_id, file_path, total_changes, fix_count, fix_rate, risk_level) VALUES ('webapp', 'public/wallet.html', 38, 7, 0.184, 'medium');
INSERT INTO hotspots (repo_id, file_path, total_changes, fix_count, fix_rate, risk_level) VALUES ('webapp', 'public/cards.html', 37, 12, 0.324, 'high');
INSERT INTO hotspots (repo_id, file_path, total_changes, fix_count, fix_rate, risk_level) VALUES ('webapp', 'public/static/data/sentinel-report.json', 33, 9, 0.273, 'high');
INSERT INTO hotspots (repo_id, file_path, total_changes, fix_count, fix_rate, risk_level) VALUES ('webapp', 'public/static/data/sentinel-history.json', 31, 9, 0.29, 'high');
INSERT INTO hotspots (repo_id, file_path, total_changes, fix_count, fix_rate, risk_level) VALUES ('webapp', 'public/merch.html', 24, 3, 0.125, 'low');
INSERT INTO hotspots (repo_id, file_path, total_changes, fix_count, fix_rate, risk_level) VALUES ('webapp', 'public/arcade.html', 24, 0, 0, 'low');
INSERT INTO hotspots (repo_id, file_path, total_changes, fix_count, fix_rate, risk_level) VALUES ('webapp', 'public/collection.html', 23, 3, 0.13, 'low');
INSERT INTO hotspots (repo_id, file_path, total_changes, fix_count, fix_rate, risk_level) VALUES ('webapp', 'public/markets.html', 20, 4, 0.2, 'medium');
INSERT INTO hotspots (repo_id, file_path, total_changes, fix_count, fix_rate, risk_level) VALUES ('webapp', 'public/market.html', 19, 1, 0.053, 'low');
INSERT INTO hotspots (repo_id, file_path, total_changes, fix_count, fix_rate, risk_level) VALUES ('webapp', 'public/static/data/showcase-live.json', 19, 4, 0.211, 'medium');
INSERT INTO hotspots (repo_id, file_path, total_changes, fix_count, fix_rate, risk_level) VALUES ('webapp', 'public/guide.html', 19, 1, 0.053, 'low');
INSERT INTO hotspots (repo_id, file_path, total_changes, fix_count, fix_rate, risk_level) VALUES ('webapp', 'package.json', 18, 1, 0.056, 'low');
INSERT INTO hotspots (repo_id, file_path, total_changes, fix_count, fix_rate, risk_level) VALUES ('webapp', 'public/wyckoff.html', 18, 3, 0.167, 'medium');
INSERT INTO hotspots (repo_id, file_path, total_changes, fix_count, fix_rate, risk_level) VALUES ('webapp', 'public/static/nw-guide.js', 18, 5, 0.278, 'high');
INSERT INTO hotspots (repo_id, file_path, total_changes, fix_count, fix_rate, risk_level) VALUES ('webapp', 'public/academy.html', 17, 2, 0.118, 'low');
INSERT INTO hotspots (repo_id, file_path, total_changes, fix_count, fix_rate, risk_level) VALUES ('webapp', 'public/deckbuilder.html', 17, 3, 0.176, 'medium');
INSERT INTO hotspots (repo_id, file_path, total_changes, fix_count, fix_rate, risk_level) VALUES ('webapp', 'public/static/nw-wallet.js', 16, 2, 0.125, 'low');
INSERT INTO hotspots (repo_id, file_path, total_changes, fix_count, fix_rate, risk_level) VALUES ('webapp', 'public/pvp.html', 16, 3, 0.188, 'medium');
INSERT INTO hotspots (repo_id, file_path, total_changes, fix_count, fix_rate, risk_level) VALUES ('webapp', 'public/tcg.html', 15, 1, 0.067, 'low');
INSERT INTO hotspots (repo_id, file_path, total_changes, fix_count, fix_rate, risk_level) VALUES ('webapp', 'public/fortune.html', 15, 0, 0, 'low');
INSERT INTO hotspots (repo_id, file_path, total_changes, fix_count, fix_rate, risk_level) VALUES ('webapp', 'public/regina.html', 15, 2, 0.133, 'low');
INSERT INTO hotspots (repo_id, file_path, total_changes, fix_count, fix_rate, risk_level) VALUES ('webapp', 'public/therapy.html', 14, 0, 0, 'low');
INSERT INTO hotspots (repo_id, file_path, total_changes, fix_count, fix_rate, risk_level) VALUES ('webapp', 'CLAUDE.md', 13, 6, 0.462, 'critical');
INSERT INTO hotspots (repo_id, file_path, total_changes, fix_count, fix_rate, risk_level) VALUES ('webapp', 'public/citizenship.html', 13, 0, 0, 'low');
INSERT INTO hotspots (repo_id, file_path, total_changes, fix_count, fix_rate, risk_level) VALUES ('webapp', 'public/embassy.html', 13, 1, 0.077, 'low');
INSERT INTO hotspots (repo_id, file_path, total_changes, fix_count, fix_rate, risk_level) VALUES ('webapp', 'public/events.html', 13, 2, 0.154, 'medium');
INSERT INTO hotspots (repo_id, file_path, total_changes, fix_count, fix_rate, risk_level) VALUES ('webapp', 'public/pvp-battle.html', 13, 2, 0.154, 'medium');
INSERT INTO hotspots (repo_id, file_path, total_changes, fix_count, fix_rate, risk_level) VALUES ('webapp', 'public/tabletop.html', 13, 0, 0, 'low');
INSERT INTO hotspots (repo_id, file_path, total_changes, fix_count, fix_rate, risk_level) VALUES ('webapp', '.mycelium/eval.json', 12, 6, 0.5, 'critical');
INSERT INTO hotspots (repo_id, file_path, total_changes, fix_count, fix_rate, risk_level) VALUES ('webapp', '.mycelium/memory.json', 12, 6, 0.5, 'critical');
INSERT INTO hotspots (repo_id, file_path, total_changes, fix_count, fix_rate, risk_level) VALUES ('webapp', 'README.md', 12, 1, 0.083, 'low');
INSERT INTO hotspots (repo_id, file_path, total_changes, fix_count, fix_rate, risk_level) VALUES ('webapp', 'public/claim.html', 12, 1, 0.083, 'low');
INSERT INTO hotspots (repo_id, file_path, total_changes, fix_count, fix_rate, risk_level) VALUES ('webapp', 'public/conspiracy.html', 12, 0, 0, 'low');
INSERT INTO hotspots (repo_id, file_path, total_changes, fix_count, fix_rate, risk_level) VALUES ('webapp', 'public/court.html', 12, 0, 0, 'low');
INSERT INTO hotspots (repo_id, file_path, total_changes, fix_count, fix_rate, risk_level) VALUES ('webapp', 'public/historical-society.html', 12, 2, 0.167, 'medium');
INSERT INTO hotspots (repo_id, file_path, total_changes, fix_count, fix_rate, risk_level) VALUES ('webapp', 'public/hr.html', 12, 0, 0, 'low');
INSERT INTO hotspots (repo_id, file_path, total_changes, fix_count, fix_rate, risk_level) VALUES ('webapp', 'public/invest.html', 12, 0, 0, 'low');
INSERT INTO hotspots (repo_id, file_path, total_changes, fix_count, fix_rate, risk_level) VALUES ('webapp', '.husky/pre-commit', 11, 2, 0.182, 'medium');
INSERT INTO hotspots (repo_id, file_path, total_changes, fix_count, fix_rate, risk_level) VALUES ('webapp', 'public/basement.html', 11, 0, 0, 'low');
INSERT INTO hotspots (repo_id, file_path, total_changes, fix_count, fix_rate, risk_level) VALUES ('webapp', 'public/business.html', 11, 1, 0.091, 'low');
INSERT INTO hotspots (repo_id, file_path, total_changes, fix_count, fix_rate, risk_level) VALUES ('webapp', 'public/buy.html', 11, 0, 0, 'low');
INSERT INTO hotspots (repo_id, file_path, total_changes, fix_count, fix_rate, risk_level) VALUES ('webapp', 'public/crafts.html', 11, 1, 0.091, 'low');
INSERT INTO hotspots (repo_id, file_path, total_changes, fix_count, fix_rate, risk_level) VALUES ('webapp', 'public/my-business.html', 11, 2, 0.182, 'medium');
INSERT INTO hotspots (repo_id, file_path, total_changes, fix_count, fix_rate, risk_level) VALUES ('webapp', 'public/profile-card.html', 11, 1, 0.091, 'low');
INSERT INTO hotspots (repo_id, file_path, total_changes, fix_count, fix_rate, risk_level) VALUES ('webapp', 'public/tournament.html', 11, 0, 0, 'low');

INSERT INTO coupling (repo_id, file_a, file_b, co_change_count, strength) VALUES ('webapp', 'public/static/data/sentinel-history.json', 'public/static/data/sentinel-report.json', 22, 'strong');
INSERT INTO coupling (repo_id, file_a, file_b, co_change_count, strength) VALUES ('webapp', '.ai-files-auto.txt', 'src/index.tsx', 17, 'strong');
INSERT INTO coupling (repo_id, file_a, file_b, co_change_count, strength) VALUES ('webapp', 'public/static/nw-nav.js', 'src/index.tsx', 15, 'strong');
INSERT INTO coupling (repo_id, file_a, file_b, co_change_count, strength) VALUES ('webapp', 'public/battle.html', 'public/forge.html', 12, 'moderate');
INSERT INTO coupling (repo_id, file_a, file_b, co_change_count, strength) VALUES ('webapp', '.ai-files-auto.txt', 'public/static/nw-nav.js', 11, 'moderate');
INSERT INTO coupling (repo_id, file_a, file_b, co_change_count, strength) VALUES ('webapp', '.mycelium/eval.json', '.mycelium/memory.json', 10, 'moderate');
INSERT INTO coupling (repo_id, file_a, file_b, co_change_count, strength) VALUES ('webapp', 'memory.json', 'public/static/data/sentinel-history.json', 10, 'moderate');
INSERT INTO coupling (repo_id, file_a, file_b, co_change_count, strength) VALUES ('webapp', 'memory.json', 'public/static/data/sentinel-report.json', 10, 'moderate');
INSERT INTO coupling (repo_id, file_a, file_b, co_change_count, strength) VALUES ('webapp', '.ai-files-auto.txt', 'public/forge.html', 10, 'moderate');
INSERT INTO coupling (repo_id, file_a, file_b, co_change_count, strength) VALUES ('webapp', '.ai-files-auto.txt', 'public/battle.html', 10, 'moderate');
INSERT INTO coupling (repo_id, file_a, file_b, co_change_count, strength) VALUES ('webapp', 'public/arcade.html', 'public/wallet.html', 10, 'moderate');
INSERT INTO coupling (repo_id, file_a, file_b, co_change_count, strength) VALUES ('webapp', 'public/arcade.html', 'public/forge.html', 9, 'moderate');
INSERT INTO coupling (repo_id, file_a, file_b, co_change_count, strength) VALUES ('webapp', 'public/battle.html', 'public/collection.html', 9, 'moderate');
INSERT INTO coupling (repo_id, file_a, file_b, co_change_count, strength) VALUES ('webapp', '.mycelium/eval-history.json', '.mycelium/eval.json', 8, 'moderate');
INSERT INTO coupling (repo_id, file_a, file_b, co_change_count, strength) VALUES ('webapp', '.mycelium/eval-history.json', '.mycelium/memory.json', 8, 'moderate');
INSERT INTO coupling (repo_id, file_a, file_b, co_change_count, strength) VALUES ('webapp', 'public/battle.html', 'public/deckbuilder.html', 8, 'moderate');
INSERT INTO coupling (repo_id, file_a, file_b, co_change_count, strength) VALUES ('webapp', 'public/static/data/sentinel-history.json', 'public/static/data/showcase-live.json', 7, 'weak');
INSERT INTO coupling (repo_id, file_a, file_b, co_change_count, strength) VALUES ('webapp', '.mycelium/eval.json', 'public/static/data/showcase-live.json', 7, 'weak');
INSERT INTO coupling (repo_id, file_a, file_b, co_change_count, strength) VALUES ('webapp', '.mycelium/memory.json', 'public/static/data/showcase-live.json', 7, 'weak');
INSERT INTO coupling (repo_id, file_a, file_b, co_change_count, strength) VALUES ('webapp', 'public/static/data/showcase-live.json', 'scripts/generate-showcase-data.cjs', 7, 'weak');
INSERT INTO coupling (repo_id, file_a, file_b, co_change_count, strength) VALUES ('webapp', 'public/battle.html', 'public/static/data/sentinel-history.json', 7, 'weak');
INSERT INTO coupling (repo_id, file_a, file_b, co_change_count, strength) VALUES ('webapp', 'public/battle.html', 'public/static/data/sentinel-report.json', 7, 'weak');
INSERT INTO coupling (repo_id, file_a, file_b, co_change_count, strength) VALUES ('webapp', 'public/arcade.html', 'public/battle.html', 7, 'weak');
INSERT INTO coupling (repo_id, file_a, file_b, co_change_count, strength) VALUES ('webapp', 'public/collection.html', 'public/deckbuilder.html', 7, 'weak');
INSERT INTO coupling (repo_id, file_a, file_b, co_change_count, strength) VALUES ('webapp', 'public/collection.html', 'public/forge.html', 7, 'weak');
INSERT INTO coupling (repo_id, file_a, file_b, co_change_count, strength) VALUES ('webapp', 'public/forge.html', 'public/wallet.html', 7, 'weak');
INSERT INTO coupling (repo_id, file_a, file_b, co_change_count, strength) VALUES ('webapp', 'public/static/data/sentinel-report.json', 'public/static/data/showcase-live.json', 6, 'weak');
INSERT INTO coupling (repo_id, file_a, file_b, co_change_count, strength) VALUES ('webapp', '.mycelium/eval-history.json', 'public/static/data/showcase-live.json', 6, 'weak');
INSERT INTO coupling (repo_id, file_a, file_b, co_change_count, strength) VALUES ('webapp', 'memory.json', 'public/static/data/showcase-live.json', 6, 'weak');
INSERT INTO coupling (repo_id, file_a, file_b, co_change_count, strength) VALUES ('webapp', 'gitwise.cjs', 'memory.json', 6, 'weak');
INSERT INTO coupling (repo_id, file_a, file_b, co_change_count, strength) VALUES ('webapp', 'memory.json', 'nw-memory.cjs', 6, 'weak');
INSERT INTO coupling (repo_id, file_a, file_b, co_change_count, strength) VALUES ('webapp', 'public/static/data/sentinel-history.json', 'public/static/nw-battle-engine.js', 6, 'weak');
INSERT INTO coupling (repo_id, file_a, file_b, co_change_count, strength) VALUES ('webapp', 'public/static/data/sentinel-report.json', 'public/static/nw-battle-engine.js', 6, 'weak');
INSERT INTO coupling (repo_id, file_a, file_b, co_change_count, strength) VALUES ('webapp', '.ai-files-auto.txt', 'public/cards.html', 6, 'weak');
INSERT INTO coupling (repo_id, file_a, file_b, co_change_count, strength) VALUES ('webapp', 'public/cards.html', 'public/forge.html', 6, 'weak');
INSERT INTO coupling (repo_id, file_a, file_b, co_change_count, strength) VALUES ('webapp', 'public/arcade.html', 'public/collection.html', 6, 'weak');
INSERT INTO coupling (repo_id, file_a, file_b, co_change_count, strength) VALUES ('webapp', 'public/market.html', 'public/wallet.html', 6, 'weak');
INSERT INTO coupling (repo_id, file_a, file_b, co_change_count, strength) VALUES ('webapp', '.mycelium/eval.json', 'CLAUDE.md', 5, 'weak');
INSERT INTO coupling (repo_id, file_a, file_b, co_change_count, strength) VALUES ('webapp', '.mycelium/memory.json', 'CLAUDE.md', 5, 'weak');
INSERT INTO coupling (repo_id, file_a, file_b, co_change_count, strength) VALUES ('webapp', 'public/static/data/sentinel-history.json', 'scripts/generate-showcase-data.cjs', 5, 'weak');
INSERT INTO coupling (repo_id, file_a, file_b, co_change_count, strength) VALUES ('webapp', '.husky/post-commit', 'memory.json', 5, 'weak');
INSERT INTO coupling (repo_id, file_a, file_b, co_change_count, strength) VALUES ('webapp', 'public/battle.html', 'public/cards.html', 5, 'weak');
INSERT INTO coupling (repo_id, file_a, file_b, co_change_count, strength) VALUES ('webapp', 'public/battle.html', 'src/index.tsx', 5, 'weak');
INSERT INTO coupling (repo_id, file_a, file_b, co_change_count, strength) VALUES ('webapp', 'public/markets.html', 'src/index.tsx', 5, 'weak');
INSERT INTO coupling (repo_id, file_a, file_b, co_change_count, strength) VALUES ('webapp', 'public/battle.html', 'public/static/nw-battle-engine.js', 5, 'weak');
INSERT INTO coupling (repo_id, file_a, file_b, co_change_count, strength) VALUES ('webapp', 'public/collection.html', 'public/wallet.html', 5, 'weak');
INSERT INTO coupling (repo_id, file_a, file_b, co_change_count, strength) VALUES ('webapp', '.ai-files-auto.txt', 'public/wallet.html', 5, 'weak');
INSERT INTO coupling (repo_id, file_a, file_b, co_change_count, strength) VALUES ('webapp', 'public/arcade.html', 'public/index.html', 5, 'weak');
INSERT INTO coupling (repo_id, file_a, file_b, co_change_count, strength) VALUES ('webapp', 'public/arcade.html', 'public/market.html', 5, 'weak');
INSERT INTO coupling (repo_id, file_a, file_b, co_change_count, strength) VALUES ('webapp', 'public/deckbuilder.html', 'public/forge.html', 5, 'weak');
INSERT INTO coupling (repo_id, file_a, file_b, co_change_count, strength) VALUES ('webapp', 'public/index.html', 'public/wallet.html', 5, 'weak');
INSERT INTO coupling (repo_id, file_a, file_b, co_change_count, strength) VALUES ('webapp', '.ai-context.md', '.ai-files-auto.txt', 5, 'weak');
INSERT INTO coupling (repo_id, file_a, file_b, co_change_count, strength) VALUES ('webapp', 'public/static/nw-wallet.js', 'public/wallet.html', 5, 'weak');
INSERT INTO coupling (repo_id, file_a, file_b, co_change_count, strength) VALUES ('webapp', 'public/cards.html', 'public/collection.html', 5, 'weak');
INSERT INTO coupling (repo_id, file_a, file_b, co_change_count, strength) VALUES ('webapp', 'public/showcase.html', 'public/static/data/showcase-live.json', 4, 'weak');
INSERT INTO coupling (repo_id, file_a, file_b, co_change_count, strength) VALUES ('webapp', '.mycelium/eval-history.json', 'CLAUDE.md', 4, 'weak');
INSERT INTO coupling (repo_id, file_a, file_b, co_change_count, strength) VALUES ('webapp', '.mycelium/eval.json', '.mycelium/fix-log.json', 4, 'weak');
INSERT INTO coupling (repo_id, file_a, file_b, co_change_count, strength) VALUES ('webapp', '.mycelium/fix-log.json', '.mycelium/memory.json', 4, 'weak');
INSERT INTO coupling (repo_id, file_a, file_b, co_change_count, strength) VALUES ('webapp', '.nw-eval-result.json', 'memory.json', 4, 'weak');
INSERT INTO coupling (repo_id, file_a, file_b, co_change_count, strength) VALUES ('webapp', '.nw-eval-result.json', 'public/static/data/showcase-live.json', 4, 'weak');
INSERT INTO coupling (repo_id, file_a, file_b, co_change_count, strength) VALUES ('webapp', 'memory.json', 'nw-fixer.cjs', 4, 'weak');
INSERT INTO coupling (repo_id, file_a, file_b, co_change_count, strength) VALUES ('webapp', 'memory.json', 'scripts/generate-showcase-data.cjs', 4, 'weak');
INSERT INTO coupling (repo_id, file_a, file_b, co_change_count, strength) VALUES ('webapp', 'public/static/data/sentinel-report.json', 'scripts/generate-showcase-data.cjs', 4, 'weak');
INSERT INTO coupling (repo_id, file_a, file_b, co_change_count, strength) VALUES ('webapp', '.husky/post-commit', 'nw-memory.cjs', 4, 'weak');
INSERT INTO coupling (repo_id, file_a, file_b, co_change_count, strength) VALUES ('webapp', 'gitwise.cjs', 'nw-memory.cjs', 4, 'weak');
INSERT INTO coupling (repo_id, file_a, file_b, co_change_count, strength) VALUES ('webapp', 'public/battle.html', 'public/static/nw-nav.js', 4, 'weak');
INSERT INTO coupling (repo_id, file_a, file_b, co_change_count, strength) VALUES ('webapp', 'public/battle.html', 'public/wallet.html', 4, 'weak');
INSERT INTO coupling (repo_id, file_a, file_b, co_change_count, strength) VALUES ('webapp', 'public/cards.html', 'public/static/nw-nav.js', 4, 'weak');
INSERT INTO coupling (repo_id, file_a, file_b, co_change_count, strength) VALUES ('webapp', 'CLAUDE.md', 'memory.json', 4, 'weak');
INSERT INTO coupling (repo_id, file_a, file_b, co_change_count, strength) VALUES ('webapp', 'public/claim.html', 'public/events.html', 4, 'weak');
INSERT INTO coupling (repo_id, file_a, file_b, co_change_count, strength) VALUES ('webapp', 'public/forge.html', 'public/tcg.html', 4, 'weak');
INSERT INTO coupling (repo_id, file_a, file_b, co_change_count, strength) VALUES ('webapp', 'public/guide.html', 'public/wallet.html', 4, 'weak');
INSERT INTO coupling (repo_id, file_a, file_b, co_change_count, strength) VALUES ('webapp', '.ai-files-auto.txt', 'public/index.html', 4, 'weak');
INSERT INTO coupling (repo_id, file_a, file_b, co_change_count, strength) VALUES ('webapp', '.ai-files-auto.txt', 'public/pvp.html', 4, 'weak');
INSERT INTO coupling (repo_id, file_a, file_b, co_change_count, strength) VALUES ('webapp', '.ai-files-auto.txt', 'public/tabletop.html', 4, 'weak');
INSERT INTO coupling (repo_id, file_a, file_b, co_change_count, strength) VALUES ('webapp', '.ai-files-auto.txt', 'public/collection.html', 4, 'weak');
INSERT INTO coupling (repo_id, file_a, file_b, co_change_count, strength) VALUES ('webapp', '.ai-files-auto.txt', 'public/deckbuilder.html', 4, 'weak');
INSERT INTO coupling (repo_id, file_a, file_b, co_change_count, strength) VALUES ('webapp', 'public/battle.html', 'public/index.html', 4, 'weak');
INSERT INTO coupling (repo_id, file_a, file_b, co_change_count, strength) VALUES ('webapp', 'public/battle.html', 'public/market.html', 4, 'weak');
INSERT INTO coupling (repo_id, file_a, file_b, co_change_count, strength) VALUES ('webapp', 'public/collection.html', 'public/market.html', 4, 'weak');
INSERT INTO coupling (repo_id, file_a, file_b, co_change_count, strength) VALUES ('webapp', 'public/forge.html', 'public/market.html', 4, 'weak');
INSERT INTO coupling (repo_id, file_a, file_b, co_change_count, strength) VALUES ('webapp', 'public/battle.html', 'public/pvp-battle.html', 4, 'weak');
INSERT INTO coupling (repo_id, file_a, file_b, co_change_count, strength) VALUES ('webapp', 'public/arcade.html', 'public/static/nw-wallet.js', 4, 'weak');
INSERT INTO coupling (repo_id, file_a, file_b, co_change_count, strength) VALUES ('webapp', '.ai-files-auto.txt', 'public/static/nw-wallet.js', 4, 'weak');
INSERT INTO coupling (repo_id, file_a, file_b, co_change_count, strength) VALUES ('webapp', 'public/invest.html', 'src/index.tsx', 4, 'weak');
INSERT INTO coupling (repo_id, file_a, file_b, co_change_count, strength) VALUES ('webapp', 'public/forge.html', 'public/static/nw-wallet.js', 4, 'weak');
INSERT INTO coupling (repo_id, file_a, file_b, co_change_count, strength) VALUES ('webapp', 'public/battle.html', 'public/static/nw-game-juice.js', 4, 'weak');
INSERT INTO coupling (repo_id, file_a, file_b, co_change_count, strength) VALUES ('webapp', 'public/card-frames-demo.html', 'public/static/nw-card-renderer.js', 4, 'weak');
INSERT INTO coupling (repo_id, file_a, file_b, co_change_count, strength) VALUES ('webapp', 'public/markets.html', 'public/static/data/sentinel-history.json', 3, 'weak');
INSERT INTO coupling (repo_id, file_a, file_b, co_change_count, strength) VALUES ('webapp', 'public/markets.html', 'public/static/data/sentinel-report.json', 3, 'weak');
INSERT INTO coupling (repo_id, file_a, file_b, co_change_count, strength) VALUES ('webapp', '.husky/pre-commit', 'CLAUDE.md', 3, 'weak');
INSERT INTO coupling (repo_id, file_a, file_b, co_change_count, strength) VALUES ('webapp', '.mycelium/eval.json', 'scripts/generate-showcase-data.cjs', 3, 'weak');
INSERT INTO coupling (repo_id, file_a, file_b, co_change_count, strength) VALUES ('webapp', '.mycelium/memory.json', 'scripts/generate-showcase-data.cjs', 3, 'weak');
INSERT INTO coupling (repo_id, file_a, file_b, co_change_count, strength) VALUES ('webapp', 'public/showcase.html', 'scripts/generate-showcase-data.cjs', 3, 'weak');
INSERT INTO coupling (repo_id, file_a, file_b, co_change_count, strength) VALUES ('webapp', '.mycelium/eval-history.json', '.mycelium/fix-log.json', 3, 'weak');
INSERT INTO coupling (repo_id, file_a, file_b, co_change_count, strength) VALUES ('webapp', '.mycelium/eval-history.json', 'mycelium-eval.cjs', 3, 'weak');
INSERT INTO coupling (repo_id, file_a, file_b, co_change_count, strength) VALUES ('webapp', '.mycelium/eval.json', 'mycelium-eval.cjs', 3, 'weak');
INSERT INTO coupling (repo_id, file_a, file_b, co_change_count, strength) VALUES ('webapp', '.mycelium/fix-log.json', 'public/static/data/showcase-live.json', 3, 'weak');
INSERT INTO coupling (repo_id, file_a, file_b, co_change_count, strength) VALUES ('webapp', '.mycelium/memory.json', 'mycelium-eval.cjs', 3, 'weak');
INSERT INTO coupling (repo_id, file_a, file_b, co_change_count, strength) VALUES ('webapp', 'mycelium-eval.cjs', 'public/static/data/showcase-live.json', 3, 'weak');

INSERT INTO fix_commits (repo_id, commit_hash, commit_date, author, message, category, pattern, severity, root_cause, file_count, confidence) VALUES ('webapp', '40f1d8120964', '2026-02-09', 'genspark-ai-developer[bot]', 'fix(showcase): NaN scores, mobile charts 2x, fonts doubled, README rewrite for Mycelium', 'null-reference', 'missing-precondition-check', 'medium', 'Added && guard — was executing without prerequisite check', 4, 0.6);
INSERT INTO fix_commits (repo_id, commit_hash, commit_date, author, message, category, pattern, severity, root_cause, file_count, confidence) VALUES ('webapp', 'f965e84ef024', '2026-02-09', 'genspark-ai-developer[bot]', 'fix(portable): make mycelium work on any repo — fix --init crash, strip NumbahWan refs, fix watch.cjs syntax errors, rename .nw-* to .mycelium-*, tested end-to-end on fresh repo', 'test-failure', 'test-issue', 'critical', 'make mycelium work on any repo — fix --init crash, strip NumbahWan refs, fix watch.cjs syntax errors, rename .nw-* to .mycelium-*, tested end-to-end on fresh repo', 12, 0.3);
INSERT INTO fix_commits (repo_id, commit_hash, commit_date, author, message, category, pattern, severity, root_cause, file_count, confidence) VALUES ('webapp', '847fe08950f4', '2026-02-09', 'genspark-ai-developer[bot]', 'fix(honesty): record underselling breakage + add HONESTY GATE to CLAUDE.md — never claim something doesnt work without testing it', 'test-failure', 'test-issue', 'medium', 'record underselling breakage + add HONESTY GATE to CLAUDE.md — never claim something doesnt work without testing it', 4, 0.3);
INSERT INTO fix_commits (repo_id, commit_hash, commit_date, author, message, category, pattern, severity, root_cause, file_count, confidence) VALUES ('webapp', 'adf49f14d6ed', '2026-02-09', 'genspark-ai-developer[bot]', 'fix(showcase): strip fake impact metrics (hours/money/pts saved) — replace with provable numbers only (33 tests, 13 hardened, 48 learnings, 50 breakages)', 'test-failure', 'test-issue', 'high', 'strip fake impact metrics (hours/money/pts saved) — replace with provable numbers only (33 tests, 13 hardened, 48 learnings, 50 breakages)', 5, 0.3);
INSERT INTO fix_commits (repo_id, commit_hash, commit_date, author, message, category, pattern, severity, root_cause, file_count, confidence) VALUES ('webapp', '1998cc926fa4', '2026-02-09', 'genspark-ai-developer[bot]', 'feat(regression): 12 real regression tests targeting actual breakage patterns — caught and fixed digit-starting i18n key bug in index.html', 'i18n', 'i18n-missing-translation', 'high', 'feat(regression): 12 real regression tests targeting actual breakage patterns — caught and fixed digit-starting i18n key bug in index.html', 6, 0.3);
INSERT INTO fix_commits (repo_id, commit_hash, commit_date, author, message, category, pattern, severity, root_cause, file_count, confidence) VALUES ('webapp', '8f81ad8ef6f5', '2026-02-09', 'genspark-ai-developer[bot]', 'revert(refactor): undo cosmetic file moves + add VALUE GATE constraint — no busywork without measurable improvement', 'other', 'undo-cosmetic-file-moves', 'medium', 'undo cosmetic file moves + add VALUE GATE constraint — no busywork without measurable improvement', 4, 0.3);
INSERT INTO fix_commits (repo_id, commit_hash, commit_date, author, message, category, pattern, severity, root_cause, file_count, confidence) VALUES ('webapp', '652f3af88dde', '2026-02-09', 'genspark-ai-developer[bot]', 'fix(ship): sync-back handles stash + CLAUDE.md documents ship as mandatory deploy method', 'css-layout', 'wrong-css-value', 'high', 'Changed run: git checkout main && git pull'') → git checkout main && git pull && git checkout -B genspark_ai_developer main'')', 5, 0.6);
INSERT INTO fix_commits (repo_id, commit_hash, commit_date, author, message, category, pattern, severity, root_cause, file_count, confidence) VALUES ('webapp', 'dd67dac10b01', '2026-02-09', 'genspark-ai-developer[bot]', 'fix(automation): make learning system fully automatic — no manual heal/eval needed (#13)', 'null-reference', 'missing-precondition-check', 'high', 'selfHeal gated at 10 commits, but squash workflow compresses 4-5→1,', 7, 0.9);
INSERT INTO fix_commits (repo_id, commit_hash, commit_date, author, message, category, pattern, severity, root_cause, file_count, confidence) VALUES ('webapp', 'd9865b537d92', '2026-02-09', 'genspark-ai-developer[bot]', 'feat(self-heal): auto-eval + auto-fix learning system on every snapshot (#10)', 'error-handling', 'unhandled-exception', 'medium', 'Wrapped code in try-catch — was crashing on error', 3, 0.6);
INSERT INTO fix_commits (repo_id, commit_hash, commit_date, author, message, category, pattern, severity, root_cause, file_count, confidence) VALUES ('webapp', '48ba4e3bbe5b', '2026-02-09', 'genspark-ai-developer[bot]', 'fix(hooks): wire gitwise into git hooks + update CLAUDE.md (#8)', 'other', 'wire-gitwise-into-git', 'medium', 'fix: gitwise --warn and --learn calls were dead code (unreachable after exit 0)', 4, 0.6);
INSERT INTO fix_commits (repo_id, commit_hash, commit_date, author, message, category, pattern, severity, root_cause, file_count, confidence) VALUES ('webapp', '3affe0355b43', '2026-02-08', '9tvf4k6srt-sys', 'fix(battle): Auto-start game when overlay isn''t visible on iOS', 'load-order', 'script-order-dependency', 'high', 'showed overlay never appears on iOS mobile — user goes straight to', 4, 0.8);
INSERT INTO fix_commits (repo_id, commit_hash, commit_date, author, message, category, pattern, severity, root_cause, file_count, confidence) VALUES ('webapp', 'e25565d5af73', '2026-02-08', '9tvf4k6srt-sys', 'fix(battle): Don''t block init on Audio.init() - fixes iOS hand empty bug', 'load-order', 'script-order-dependency', 'high', 'found via mobile debug: init() was stuck at ''await Audio.init()''', 4, 0.9);
INSERT INTO fix_commits (repo_id, commit_hash, commit_date, author, message, category, pattern, severity, root_cause, file_count, confidence) VALUES ('webapp', 'a64bf8da95c3', '2026-02-08', '9tvf4k6srt-sys', 'fix(battle): Add mobile debug overlay + cache busting v5.1', 'load-order', 'script-order-dependency', 'high', 'panel (green monospace text at bottom) that shows', 4, 0.9);
INSERT INTO fix_commits (repo_id, commit_hash, commit_date, author, message, category, pattern, severity, root_cause, file_count, confidence) VALUES ('webapp', '76de3af642b6', '2026-02-08', '9tvf4k6srt-sys', 'fix(battle): Move deck building + hand dealing to START button click', 'null-reference', 'missing-precondition-check', 'medium', 'Decks were built and hands dealt during init() (page load),', 3, 0.6);
INSERT INTO fix_commits (repo_id, commit_hash, commit_date, author, message, category, pattern, severity, root_cause, file_count, confidence) VALUES ('webapp', '46cec269d4d9', '2026-02-08', '9tvf4k6srt-sys', 'fix(battle): Mobile hand cards visibility + fix Illegal return statement', 'css-layout', 'overflow-hidden-clips-children', 'high', 'Added overflow:hidden — may clip child elements. Also: Changed cards: fill width with 4px gaps, minimum 64px */
--board-card-width: clamp(64px, calc((100vw - 40px) / 5), 80px) → compact to leave room for hand */
--board-card-width: clamp(56px, calc((100vw - 40px) / 5), 72px); Changed board-card-heig', 5, 0.9);
INSERT INTO fix_commits (repo_id, commit_hash, commit_date, author, message, category, pattern, severity, root_cause, file_count, confidence) VALUES ('webapp', '1c919aa627e3', '2026-02-08', '9tvf4k6srt-sys', 'fix(battle): Fix mobile hand cards not visible — arena overflow + flex layout', 'css-layout', 'overflow-hidden-clips-children', 'high', '.arena-container was position:fixed with no overflow,', 3, 0.9);
INSERT INTO fix_commits (repo_id, commit_hash, commit_date, author, message, category, pattern, severity, root_cause, file_count, confidence) VALUES ('webapp', 'bffff458007e', '2026-02-07', '9tvf4k6srt-sys', 'fix: Restore homepage — remove GSAP defer, fix digit-starting i18n keys', 'other', 'restore-homepage-remove-gsap', 'critical', 'The defer attribute we added to GSAP CDN scripts broke index.html.', 11, 0.6);
INSERT INTO fix_commits (repo_id, commit_hash, commit_date, author, message, category, pattern, severity, root_cause, file_count, confidence) VALUES ('webapp', '98b541bdcf02', '2026-02-07', '9tvf4k6srt-sys', 'feat(sentinel): Upgrade to v2.5 — 10-module health platform with trend tracking & auto-fix engine', 'i18n', 'i18n-missing-translation', 'high', 'feat(sentinel): Upgrade to v2.5 — 10-module health platform with trend tracking & auto-fix engine', 5, 0.3);
INSERT INTO fix_commits (repo_id, commit_hash, commit_date, author, message, category, pattern, severity, root_cause, file_count, confidence) VALUES ('webapp', 'ec3364d0bbb7', '2026-02-06', '9tvf4k6srt-sys', 'fix(cards): Fix language toggle not working', 'null-reference', 'missing-null-guard', 'medium', 'Added 1 optional chaining operator(s) — null reference fix. Also: Added && guard — was executing without prerequisite check; Modified conditional logic', 1, 0.8);
INSERT INTO fix_commits (repo_id, commit_hash, commit_date, author, message, category, pattern, severity, root_cause, file_count, confidence) VALUES ('webapp', 'a8311f88c421', '2026-02-06', '9tvf4k6srt-sys', 'feat(ui): Add UI Guardian v2.0 - automatic overlap detection and fix system', 'other', 'featui-add-guardian-v20', 'medium', 'mode (run NW_UI_GUARDIAN.debug(true))', 2, 0.6);
INSERT INTO fix_commits (repo_id, commit_hash, commit_date, author, message, category, pattern, severity, root_cause, file_count, confidence) VALUES ('webapp', '5111c6a471e8', '2026-02-06', '9tvf4k6srt-sys', 'fix(ui): Move card counter to LEFT side - no more overlap', 'css-layout', 'wrong-css-value', 'low', 'Changed bottom: 185px → 130px. Also: Changed left: 50% → 12px; Changed transform: translateX(-50%) → none', 1, 0.9);
INSERT INTO fix_commits (repo_id, commit_hash, commit_date, author, message, category, pattern, severity, root_cause, file_count, confidence) VALUES ('webapp', '406af4d94fbe', '2026-02-06', '9tvf4k6srt-sys', 'fix(ui): Larger filter buttons and fix card counter overlap', 'css-layout', 'wrong-css-value', 'medium', 'Changed z-index: 50 → 60. Also: z-index: 50 → 60 — stacking context collision; Changed bottom: 160px → 185px', 1, 0.9);
INSERT INTO fix_commits (repo_id, commit_hash, commit_date, author, message, category, pattern, severity, root_cause, file_count, confidence) VALUES ('webapp', '4e5dd99cde6b', '2026-02-06', '9tvf4k6srt-sys', 'fix(ui): Moderate font size increase without overlapping', 'css-layout', 'wrong-css-value', 'low', 'Changed font-size: clamp(24px, 6vw, 36px) → clamp(14px, 4vw, 20px). Also: Changed padding: 8px 14px → 5px 10px; Changed font-size: clamp(24px, 6vw, 36px) → 16px', 2, 0.9);
INSERT INTO fix_commits (repo_id, commit_hash, commit_date, author, message, category, pattern, severity, root_cause, file_count, confidence) VALUES ('webapp', '420f4e6ffb56', '2026-02-06', '9tvf4k6srt-sys', 'fix(avatar-studio): Improve mobile touch interactions', 'css-layout', 'overflow-hidden-clips-children', 'high', 'Added overflow:hidden — may clip child elements. Also: Added touch event handling — broken on mobile; Added touch event handling — broken on mobile', 1, 0.9);
INSERT INTO fix_commits (repo_id, commit_hash, commit_date, author, message, category, pattern, severity, root_cause, file_count, confidence) VALUES ('webapp', '082b7a66d641', '2026-02-05', '9tvf4k6srt-sys', 'Card #624: Fixed shutter shades (horizontal slats) + asymmetrical hair - workflow learning', 'other', 'card-624-fixed-shutter', 'medium', 'Card #624: Fixed shutter shades (horizontal slats) + asymmetrical hair - workflow learning', 3, 0.3);
INSERT INTO fix_commits (repo_id, commit_hash, commit_date, author, message, category, pattern, severity, root_cause, file_count, confidence) VALUES ('webapp', 'a3046c009491', '2026-02-05', '9tvf4k6srt-sys', 'Fix: use data-i18n-html for HTML content in wyckoff intro', 'i18n', 'i18n-missing-translation', 'medium', 'use data-i18n-html for HTML content in wyckoff intro', 1, 0.3);
INSERT INTO fix_commits (repo_id, commit_hash, commit_date, author, message, category, pattern, severity, root_cause, file_count, confidence) VALUES ('webapp', 'd68c51680f3f', '2026-02-05', '9tvf4k6srt-sys', 'Fix Events page JS variable conflicts with i18n.js', 'logic-error', 'missing-return-statement', 'high', 'i18n.js declares ''let pageTranslations'' and ''let currentLang''', 1, 0.9);
INSERT INTO fix_commits (repo_id, commit_hash, commit_date, author, message, category, pattern, severity, root_cause, file_count, confidence) VALUES ('webapp', '8c0ab1496c4f', '2026-02-04', '9tvf4k6srt-sys', 'UX: Fix currency display and icon centering', 'dom-mutation', 'innerhtml-destroys-handlers', 'high', 'Replaced innerHTML with textContent — XSS or handler-destruction fix. Also: Added missing return statement — function was returning undefined; Changed font-size: 14px">◆</span><span class="nw-val nwg" id="nwfNwg">0</span></div>'' +
''<div class="nw-item"><span style="font-size:14px">●</span><span clas', 2, 0.9);
INSERT INTO fix_commits (repo_id, commit_hash, commit_date, author, message, category, pattern, severity, root_cause, file_count, confidence) VALUES ('webapp', '901f9be71c2b', '2026-02-04', '9tvf4k6srt-sys', 'FIX: Loading screen animations restored', 'css-layout', 'wrong-css-value', 'low', 'Changed height: 120px → 100%. Also: Changed background: linear-gradient(180deg,#ffcc70 0%,#ff9500 30%,#ff6b00 60%,#cc4400 100%) → radial-gradient(ellipse at 20% 20%,rgba(255,107,0,.2) 0%,transparent 50%),radial-gradient(ellipse at 80% 80%,rgba(255,157,77,.15) 0%,transparent 50%); Changed height: 100', 1, 0.9);
INSERT INTO fix_commits (repo_id, commit_hash, commit_date, author, message, category, pattern, severity, root_cause, file_count, confidence) VALUES ('webapp', '101f65781ae0', '2026-02-04', '9tvf4k6srt-sys', 'FIX: Optimized currency icons + market page fixes', 'build-config', 'wrong-asset-path', 'low', 'Changed resource path', 4, 0.6);
INSERT INTO fix_commits (repo_id, commit_hash, commit_date, author, message, category, pattern, severity, root_cause, file_count, confidence) VALUES ('webapp', 'ea47b53c1ad9', '2026-02-04', '9tvf4k6srt-sys', 'FIX: Wallet ID loading + currency display', 'null-reference', 'use-before-define', 'high', 'Added typeof !== undefined guard — variable was used before definition. Also: Added missing return statement — function was returning undefined; Added || [] fallback — was calling array method on undefined', 3, 0.9);
INSERT INTO fix_commits (repo_id, commit_hash, commit_date, author, message, category, pattern, severity, root_cause, file_count, confidence) VALUES ('webapp', 'f4f82980a0ce', '2026-02-04', '9tvf4k6srt-sys', 'FIX: Restore missing currency icons + cleanup', 'other', 'restore-missing-currency-icons', 'high', 'Restore missing currency icons + cleanup', 6, 0.3);
INSERT INTO fix_commits (repo_id, commit_hash, commit_date, author, message, category, pattern, severity, root_cause, file_count, confidence) VALUES ('webapp', 'fcb85258fb6a', '2026-02-04', '9tvf4k6srt-sys', 'Fix merch.html: null element error crashing product grid render', 'null-reference', 'missing-null-guard', 'medium', 'Added 2 optional chaining operator(s) — null reference fix. Also: Added && guard — was executing without prerequisite check', 1, 0.7);
INSERT INTO fix_commits (repo_id, commit_hash, commit_date, author, message, category, pattern, severity, root_cause, file_count, confidence) VALUES ('webapp', '717792e9ee0c', '2026-02-04', '9tvf4k6srt-sys', 'Fix merch.html: diamond -> nwg (3-tier currency)', 'other', 'merchhtml-diamond-nwg-3-tier', 'medium', 'merch.html: diamond -> nwg (3-tier currency)', 1, 0.3);
INSERT INTO fix_commits (repo_id, commit_hash, commit_date, author, message, category, pattern, severity, root_cause, file_count, confidence) VALUES ('webapp', 'e231b1afe7b6', '2026-02-04', '9tvf4k6srt-sys', 'Fix iOS mobile overlap on Profile Card', 'mobile-compat', 'missing-responsive-breakpoint', 'medium', 'Stats grid was overlapping on small screens due to fixed px positions', 3, 0.9);
INSERT INTO fix_commits (repo_id, commit_hash, commit_date, author, message, category, pattern, severity, root_cause, file_count, confidence) VALUES ('webapp', '7b4ab8d3e2cb', '2026-02-04', '9tvf4k6srt-sys', 'Embassy: fix language toggle + add hero banner', 'i18n', 'i18n-missing-translation', 'medium', 'Embassy: fix language toggle + add hero banner', 3, 0.3);
INSERT INTO fix_commits (repo_id, commit_hash, commit_date, author, message, category, pattern, severity, root_cause, file_count, confidence) VALUES ('webapp', 'b86f9492654c', '2026-02-03', '9tvf4k6srt-sys', 'fix: Complete i18n translations for Wyckoff page - all 113 keys', 'i18n', 'i18n-missing-translation', 'medium', 'Complete i18n translations for Wyckoff page - all 113 keys', 1, 0.3);
INSERT INTO fix_commits (repo_id, commit_hash, commit_date, author, message, category, pattern, severity, root_cause, file_count, confidence) VALUES ('webapp', 'b25d36489256', '2026-02-03', '9tvf4k6srt-sys', 'fix: iOS scroll lock after language toggle', 'i18n', 'i18n-missing-translation', 'medium', 'iOS scroll lock after language toggle', 1, 0.3);
INSERT INTO fix_commits (repo_id, commit_hash, commit_date, author, message, category, pattern, severity, root_cause, file_count, confidence) VALUES ('webapp', '019988ea4dfc', '2026-02-03', '9tvf4k6srt-sys', 'fix: Use unified nw-nav i18n system for Wyckoff page', 'null-reference', 'missing-null-guard', 'medium', 'Added 1 optional chaining operator(s) — null reference fix. Also: Added string fallback — was showing undefined/null in UI', 2, 0.7);
INSERT INTO fix_commits (repo_id, commit_hash, commit_date, author, message, category, pattern, severity, root_cause, file_count, confidence) VALUES ('webapp', '5e91c3b884cd', '2026-02-03', '9tvf4k6srt-sys', 'fix: Show full card names - no truncation', 'css-layout', 'wrong-css-value', 'low', 'Changed font-size: 11px → 10px. Also: Changed white-space: nowrap → normal', 1, 0.7);
INSERT INTO fix_commits (repo_id, commit_hash, commit_date, author, message, category, pattern, severity, root_cause, file_count, confidence) VALUES ('webapp', 'ef1dbc622dc0', '2026-02-03', '9tvf4k6srt-sys', 'fix: Unify card templates + remove ART COMING badge', 'css-layout', 'overflow-hidden-clips-children', 'high', 'Added overflow:hidden — may clip child elements. Also: Changed right: 10px → 5px; Changed background: linear-gradient(135deg, #ff6b00, #dc2626) → linear-gradient(180deg, rgba(0,0,0,0.7) 0%, rgba(0,0,0,0.9) 100%)', 2, 0.9);
INSERT INTO fix_commits (repo_id, commit_hash, commit_date, author, message, category, pattern, severity, root_cause, file_count, confidence) VALUES ('webapp', 'f2d6ceacd499', '2026-02-03', '9tvf4k6srt-sys', 'fix: Show FULL card art - no cropping sword/feet', 'css-layout', 'object-fit-crops-content', 'high', 'Card images were using object-fit: cover which cropped', 7, 0.9);
INSERT INTO fix_commits (repo_id, commit_hash, commit_date, author, message, category, pattern, severity, root_cause, file_count, confidence) VALUES ('webapp', '535093e7f29c', '2026-02-03', '9tvf4k6srt-sys', 'fix: Art fills frame completely (Pokemon/MTG style)', 'css-layout', 'wrong-css-value', 'low', 'Changed object-fit: contain → cover', 1, 0.6);
INSERT INTO fix_commits (repo_id, commit_hash, commit_date, author, message, category, pattern, severity, root_cause, file_count, confidence) VALUES ('webapp', 'd48306d799d3', '2026-02-03', '9tvf4k6srt-sys', 'fix: Show full card art without cropping', 'css-layout', 'object-fit-crops-content', 'medium', 'Changed object-fit: cover → contain — image was being cropped. Also: Changed width: calc(100% - 16px) → calc(100% - 12px); Changed height: 180px → 200px', 2, 0.9);
INSERT INTO fix_commits (repo_id, commit_hash, commit_date, author, message, category, pattern, severity, root_cause, file_count, confidence) VALUES ('webapp', '397c3322af80', '2026-02-03', '9tvf4k6srt-sys', 'fix: Update cards.json to use .webp extensions', 'api-contract', 'api-contract-issue', 'medium', 'Update cards.json to use .webp extensions', 2, 0.3);
INSERT INTO fix_commits (repo_id, commit_hash, commit_date, author, message, category, pattern, severity, root_cause, file_count, confidence) VALUES ('webapp', '44b9e895ca71', '2026-02-03', '9tvf4k6srt-sys', 'fix: 🖼️ Battle page images now load properly on iOS', 'other', '-battle-page-images', 'medium', '- Battle page used CSS class ''loading'' with opacity:0', 2, 0.6);
INSERT INTO fix_commits (repo_id, commit_hash, commit_date, author, message, category, pattern, severity, root_cause, file_count, confidence) VALUES ('webapp', 'c7444a4ca6d6', '2026-02-03', '9tvf4k6srt-sys', 'fix: 🖼️ Consolidate battle pages + cache-bust images', 'load-order', 'defer-before-dependency', 'high', 'logging added', 7, 0.8);
INSERT INTO fix_commits (repo_id, commit_hash, commit_date, author, message, category, pattern, severity, root_cause, file_count, confidence) VALUES ('webapp', '44515c26cc2a', '2026-02-03', '9tvf4k6srt-sys', 'fix: 🖼️ Card images now loading - convert .png/.jpg to .webp', 'other', '-card-images-now', 'medium', 'cards.json has .png extensions but actual files are .webp', 1, 0.6);
INSERT INTO fix_commits (repo_id, commit_hash, commit_date, author, message, category, pattern, severity, root_cause, file_count, confidence) VALUES ('webapp', 'e0240e018c41', '2026-02-03', '9tvf4k6srt-sys', 'fix: 📱 Mobile-optimized Battle Arena v3.0', 'css-layout', 'overflow-hidden-clips-children', 'high', 'Added overflow:hidden — may clip child elements. Also: Added responsive breakpoint — was broken on different screen sizes; Changed background: #080812 → linear-gradient(135deg, #080812 0%, #1a1a2e 50%, #0f0f1a 100%)', 2, 0.9);
INSERT INTO fix_commits (repo_id, commit_hash, commit_date, author, message, category, pattern, severity, root_cause, file_count, confidence) VALUES ('webapp', 'dfa41bc3e3e1', '2026-02-03', '9tvf4k6srt-sys', 'fix: Make live ticker actually tick every 2 seconds', 'api-contract', 'api-contract-issue', 'medium', 'Make live ticker actually tick every 2 seconds', 1, 0.3);
INSERT INTO fix_commits (repo_id, commit_hash, commit_date, author, message, category, pattern, severity, root_cause, file_count, confidence) VALUES ('webapp', '7db8899adf31', '2026-02-03', '9tvf4k6srt-sys', 'fix: iOS language toggle on markets page - improved touch handling', 'error-handling', 'unhandled-exception', 'medium', 'Wrapped code in try-catch — was crashing on error. Also: Added storage access safety — was crashing on parse error or missing key; Wrapped code in try-catch — was crashing on error', 1, 0.9);
INSERT INTO fix_commits (repo_id, commit_hash, commit_date, author, message, category, pattern, severity, root_cause, file_count, confidence) VALUES ('webapp', '91baf1ed9ce3', '2026-02-03', '9tvf4k6srt-sys', 'fix: Mobile fixes for markets page (iOS scroll + language toggle)', 'css-layout', 'missing-scroll-handling', 'medium', 'Added scroll handling — content was not scrollable or jumping. Also: Changed z-index: 0 → -1; Added touch event handling — broken on mobile', 2, 0.9);
INSERT INTO fix_commits (repo_id, commit_hash, commit_date, author, message, category, pattern, severity, root_cause, file_count, confidence) VALUES ('webapp', '16f314d1c355', '2026-02-03', '9tvf4k6srt-sys', 'fix: Mobile touch events for AI Guide send button', 'mobile-compat', 'missing-touch-support', 'medium', 'Added touch event handling — broken on mobile. Also: Modified conditional logic; Added touch event handling — broken on mobile', 1, 0.8);
INSERT INTO fix_commits (repo_id, commit_hash, commit_date, author, message, category, pattern, severity, root_cause, file_count, confidence) VALUES ('webapp', '3e3e78a9083e', '2026-02-03', '9tvf4k6srt-sys', 'fix: AI Guide chat input not working after language change', 'other', 'guide-chat-input-working', 'medium', 'updateChatHTML() replaced the DOM elements but', 1, 0.6);
INSERT INTO fix_commits (repo_id, commit_hash, commit_date, author, message, category, pattern, severity, root_cause, file_count, confidence) VALUES ('webapp', '08b88851b2cf', '2026-02-02', '9tvf4k6srt-sys', 'v2.1.5: Fix AI chat position + GM ID display', 'null-reference', 'missing-null-guard', 'medium', 'Added 2 optional chaining operator(s) — null reference fix. Also: Changed bottom: 24px → 50px; Changed bottom: 100px → 120px', 2, 0.9);
INSERT INTO fix_commits (repo_id, commit_hash, commit_date, author, message, category, pattern, severity, root_cause, file_count, confidence) VALUES ('webapp', '4fe42b05fd6e', '2026-02-02', '9tvf4k6srt-sys', 'Fix: Daily reward claim feedback - toast, disabled state, shake animation', 'async-timing', 'race-condition-needs-delay', 'medium', 'Added setTimeout(500ms) — timing/race condition fix. Also: Added setTimeout(300ms) — timing/race condition fix; Added string fallback — was showing undefined/null in UI', 2, 0.8);
INSERT INTO fix_commits (repo_id, commit_hash, commit_date, author, message, category, pattern, severity, root_cause, file_count, confidence) VALUES ('webapp', '4573bc73ea05', '2026-02-02', '9tvf4k6srt-sys', 'Fix guide: translation keys now resolve properly (ui.title, ui.newBadge)', 'null-reference', 'missing-precondition-check', 'medium', 'Added && guard — was executing without prerequisite check', 2, 0.6);
INSERT INTO fix_commits (repo_id, commit_hash, commit_date, author, message, category, pattern, severity, root_cause, file_count, confidence) VALUES ('webapp', '07b672d80f72', '2026-02-02', '9tvf4k6srt-sys', 'Fix guide badge clipping: overflow visible, sync language with nav', 'css-layout', 'wrong-css-value', 'medium', 'Changed overflow: hidden → visible. Also: Removed overflow:hidden to fix clipping; Added 1 optional chaining operator(s) — null reference fix', 1, 0.9);
INSERT INTO fix_commits (repo_id, commit_hash, commit_date, author, message, category, pattern, severity, root_cause, file_count, confidence) VALUES ('webapp', '404a9bfc4864', '2026-02-02', '9tvf4k6srt-sys', 'Fix nav v5.1: icons now inline SVG, language toggle no longer freezes', 'i18n', 'i18n-missing-translation', 'medium', 'nav v5.1: icons now inline SVG, language toggle no longer freezes', 1, 0.3);
INSERT INTO fix_commits (repo_id, commit_hash, commit_date, author, message, category, pattern, severity, root_cause, file_count, confidence) VALUES ('webapp', 'f16033ad8740', '2026-02-02', '9tvf4k6srt-sys', 'Fix forge CSS - restore full 1505 lines, fix battle/arcade CSS tags', 'css-layout', 'overflow-hidden-clips-children', 'medium', 'Removed overflow:hidden to fix clipping', 3, 0.6);
INSERT INTO fix_commits (repo_id, commit_hash, commit_date, author, message, category, pattern, severity, root_cause, file_count, confidence) VALUES ('webapp', '1e37554df994', '2026-02-02', '9tvf4k6srt-sys', 'Major refactor: NW_USER system, extracted modules, route files, nav fixes', 'other', 'major-refactor-nwuser-system', 'critical', 'Major refactor: NW_USER system, extracted modules, route files, nav fixes', 14, 0.3);
INSERT INTO fix_commits (repo_id, commit_hash, commit_date, author, message, category, pattern, severity, root_cause, file_count, confidence) VALUES ('webapp', 'd8f57156a306', '2026-02-02', '9tvf4k6srt-sys', 'Fix UX: Remove blocking back buttons, add NW_NAV integration, improve scroll behavior', 'mobile-compat', 'missing-responsive-breakpoint', 'critical', 'Added responsive breakpoint — was broken on different screen sizes. Also: Added scroll handling — content was not scrollable or jumping; Added scroll handling — content was not scrollable or jumping', 9, 0.9);
INSERT INTO fix_commits (repo_id, commit_hash, commit_date, author, message, category, pattern, severity, root_cause, file_count, confidence) VALUES ('webapp', 'fad1a83f4b92', '2026-02-02', '9tvf4k6srt-sys', 'Fix: Regina (one g) in nav as guild ship', 'css-layout', 'style-issue', 'medium', 'Regina (one g) in nav as guild ship', 2, 0.3);
INSERT INTO fix_commits (repo_id, commit_hash, commit_date, author, message, category, pattern, severity, root_cause, file_count, confidence) VALUES ('webapp', 'cc75d631bbae', '2026-02-02', '9tvf4k6srt-sys', 'Fix JS errors: add missing helper scripts and resolve currentLang redeclaration', 'css-layout', 'style-issue', 'medium', 'JS errors: add missing helper scripts and resolve currentLang redeclaration', 4, 0.3);
INSERT INTO fix_commits (repo_id, commit_hash, commit_date, author, message, category, pattern, severity, root_cause, file_count, confidence) VALUES ('webapp', '8490b7f4a24f', '2026-02-02', '9tvf4k6srt-sys', 'Optimize images and fix sound lag', 'null-reference', 'missing-precondition-check', 'critical', 'Added && guard — was executing without prerequisite check', 12, 0.6);
INSERT INTO fix_commits (repo_id, commit_hash, commit_date, author, message, category, pattern, severity, root_cause, file_count, confidence) VALUES ('webapp', 'a6e4647f476e', '2026-02-02', '9tvf4k6srt-sys', 'Add auto-update system, fix nav, clean up pages', 'build-config', 'build-config-issue', 'medium', 'Add auto-update system, fix nav, clean up pages', 2, 0.3);
INSERT INTO fix_commits (repo_id, commit_hash, commit_date, author, message, category, pattern, severity, root_cause, file_count, confidence) VALUES ('webapp', 'e1f09c9eef66', '2026-02-01', '9tvf4k6srt-sys', 'Fix wallet currencies to match unified system', 'css-layout', 'wrong-css-value', 'low', 'Changed padding-bottom: 80px → 100px. Also: Changed padding-bottom: 80px → 100px !important; Added display:none — element was incorrectly visible', 1, 0.9);
INSERT INTO fix_commits (repo_id, commit_hash, commit_date, author, message, category, pattern, severity, root_cause, file_count, confidence) VALUES ('webapp', 'cd3cc0ff8ba7', '2026-02-01', '9tvf4k6srt-sys', 'Fix llms.txt routing - add explicit route with correct content-type', 'async-timing', 'missing-await', 'high', 'Added missing await — was ignoring promise result. Also: Added missing return statement — function was returning undefined; Added 2 optional chaining operator(s) — null reference fix', 2, 0.9);
INSERT INTO fix_commits (repo_id, commit_hash, commit_date, author, message, category, pattern, severity, root_cause, file_count, confidence) VALUES ('webapp', '0efeaa3063a1', '2026-02-01', '9tvf4k6srt-sys', 'Fix mobile layout - horizontal scroll watchlist, proper sizing', 'mobile-compat', 'missing-responsive-breakpoint', 'medium', 'Added responsive breakpoint — was broken on different screen sizes. Also: Added scroll handling — content was not scrollable or jumping; Changed grid-template-rows: auto 1fr auto → 44px 1fr 28px', 2, 0.9);
INSERT INTO fix_commits (repo_id, commit_hash, commit_date, author, message, category, pattern, severity, root_cause, file_count, confidence) VALUES ('webapp', '7ab850017e34', '2026-02-01', '9tvf4k6srt-sys', 'Fix images: Download and convert to local webp files', 'api-contract', 'api-contract-issue', 'critical', 'images: Download and convert to local webp files', 11, 0.3);
INSERT INTO fix_commits (repo_id, commit_hash, commit_date, author, message, category, pattern, severity, root_cause, file_count, confidence) VALUES ('webapp', 'd349facdfea6', '2026-02-01', '9tvf4k6srt-sys', 'Fix FAB visibility on museum/vault pages and add inline icons to all nw-ux.js pages', 'null-reference', 'use-before-define', 'critical', 'Added typeof !== undefined guard — variable was used before definition. Also: Added && guard — was executing without prerequisite check', 10, 0.7);
INSERT INTO fix_commits (repo_id, commit_hash, commit_date, author, message, category, pattern, severity, root_cause, file_count, confidence) VALUES ('webapp', '2f9271df0a16', '2026-02-01', '9tvf4k6srt-sys', 'fix: Update Chinese name for Parry Hotter to 巴利·霍特', 'i18n', 'i18n-missing-translation', 'medium', 'Update Chinese name for Parry Hotter to 巴利·霍特', 3, 0.3);
INSERT INTO fix_commits (repo_id, commit_hash, commit_date, author, message, category, pattern, severity, root_cause, file_count, confidence) VALUES ('webapp', 'e0cce52b0b17', '2026-02-01', '9tvf4k6srt-sys', 'fix: Remove BGM button, fix back-to-top position, add i18n to guild homepage', 'load-order', 'script-order-dependency', 'high', 'Reordered scripts: 1 removed, 1 added. Also: Changed resource path', 2, 0.7);
INSERT INTO fix_commits (repo_id, commit_hash, commit_date, author, message, category, pattern, severity, root_cause, file_count, confidence) VALUES ('webapp', '2599626fd439', '2026-02-01', '9tvf4k6srt-sys', 'perf: fix animated icons to be static for faster FPS', 'css-layout', 'incorrect-display-none', 'low', 'Changed display:none to visible — element was incorrectly hidden. Also: Changed height: 120px → 100%; Changed background: linear-gradient(180deg,#ffcc70 0%,#ff9500 30%,#ff6b00 60%,#cc4400 100%) → radial-gradient(ellipse at 20% 20%,rgba(255,107,0,.2) 0%,transparent 50%),radial-gradient(ellipse at 80%', 1, 0.9);
INSERT INTO fix_commits (repo_id, commit_hash, commit_date, author, message, category, pattern, severity, root_cause, file_count, confidence) VALUES ('webapp', '07c29eb8dc32', '2026-02-01', '9tvf4k6srt-sys', 'fix: move PVP Diary from TCG Play section to Guild section', 'i18n', 'i18n-missing-translation', 'medium', 'move PVP Diary from TCG Play section to Guild section', 3, 0.3);
INSERT INTO fix_commits (repo_id, commit_hash, commit_date, author, message, category, pattern, severity, root_cause, file_count, confidence) VALUES ('webapp', 'b59c97f03ccc', '2026-02-01', 'genspark_dev', 'Fix: setupDevModeUI error, add GM mode event listeners for UI updates', 'css-layout', 'style-issue', 'medium', 'setupDevModeUI error, add GM mode event listeners for UI updates', 1, 0.3);
INSERT INTO fix_commits (repo_id, commit_hash, commit_date, author, message, category, pattern, severity, root_cause, file_count, confidence) VALUES ('webapp', 'f32596e545c4', '2026-02-01', 'genspark_dev', 'Fix: pack opening animation - remove duplicate overlay hide that was skipping swipe', 'logic-error', 'wrong-conditional-logic', 'medium', 'Modified conditional logic', 1, 0.6);
INSERT INTO fix_commits (repo_id, commit_hash, commit_date, author, message, category, pattern, severity, root_cause, file_count, confidence) VALUES ('webapp', 'dc5a24f4048d', '2026-02-01', 'genspark_dev', 'Fix: move nav to top-RIGHT, fix lastLogBalance initialization error in forge', 'other', 'move-nav-top-right-fix', 'medium', 'move nav to top-RIGHT, fix lastLogBalance initialization error in forge', 2, 0.3);
INSERT INTO fix_commits (repo_id, commit_hash, commit_date, author, message, category, pattern, severity, root_cause, file_count, confidence) VALUES ('webapp', '776a6756c3cf', '2026-02-01', 'genspark_dev', 'Fix: GM mode persistence - call setupModeUI after wallet init, explicit GM check in spendLogs', 'logic-error', 'missing-return-statement', 'high', 'Added missing return statement — function was returning undefined', 1, 0.6);
INSERT INTO fix_commits (repo_id, commit_hash, commit_date, author, message, category, pattern, severity, root_cause, file_count, confidence) VALUES ('webapp', '379f2225cb98', '2026-02-01', 'genspark_dev', 'Fix: DEV_MODE undefined in forge, auto-start battle for testing', 'null-reference', 'null-reference-error', 'medium', 'DEV_MODE undefined in forge, auto-start battle for testing', 2, 0.3);
INSERT INTO fix_commits (repo_id, commit_hash, commit_date, author, message, category, pattern, severity, root_cause, file_count, confidence) VALUES ('webapp', '90e09abce43c', '2026-02-01', 'genspark_dev', 'Fix battle: improved deck creation with fallbacks, better error handling and logging', 'null-reference', 'missing-null-guard', 'medium', 'Added null/undefined check — was crashing on missing value. Also: Wrapped code in try-catch — was crashing on error; Modified conditional logic', 1, 0.9);
INSERT INTO fix_commits (repo_id, commit_hash, commit_date, author, message, category, pattern, severity, root_cause, file_count, confidence) VALUES ('webapp', 'aa8324bd1052', '2026-02-01', 'genspark_dev', 'Fix: compact horizontal nav buttons (back+menu side by side), fix battle.html setupStartButton error', 'css-layout', 'wrong-css-value', 'medium', 'Changed z-index: 9997 → 9998. Also: z-index: 9997 → 9998 — stacking context collision; Modified conditional logic', 2, 0.9);
INSERT INTO fix_commits (repo_id, commit_hash, commit_date, author, message, category, pattern, severity, root_cause, file_count, confidence) VALUES ('webapp', '304a4223528a', '2026-01-31', 'genspark_dev', 'fix: Regenerate Zakum equipment images with proper 3D golden style', 'css-layout', 'style-issue', 'medium', 'Regenerate Zakum equipment images with proper 3D golden style', 2, 0.3);
INSERT INTO fix_commits (repo_id, commit_hash, commit_date, author, message, category, pattern, severity, root_cause, file_count, confidence) VALUES ('webapp', 'b46c0f148827', '2026-01-31', 'genspark_dev', 'fix: Convert all Zakum images to local WebP files', 'build-config', 'wrong-asset-path', 'critical', 'Changed resource path. Also: Changed resource path; Changed resource path', 11, 0.9);
INSERT INTO fix_commits (repo_id, commit_hash, commit_date, author, message, category, pattern, severity, root_cause, file_count, confidence) VALUES ('webapp', '9d4e1b0ba42f', '2026-01-31', 'genspark_dev', 'fix: Add zakum to staticPages array for proper routing', 'other', 'add-zakum-staticpages-array', 'medium', 'Add zakum to staticPages array for proper routing', 2, 0.3);
INSERT INTO fix_commits (repo_id, commit_hash, commit_date, author, message, category, pattern, severity, root_cause, file_count, confidence) VALUES ('webapp', 'a176bd1f757d', '2026-01-31', 'genspark_dev', '🎴 FIX: Season switching now works + unified nav system', 'mobile-compat', 'missing-touch-support', 'high', 'cards array update)', 8, 0.9);
INSERT INTO fix_commits (repo_id, commit_hash, commit_date, author, message, category, pattern, severity, root_cause, file_count, confidence) VALUES ('webapp', 'd96d0d301e4d', '2026-01-30', 'genspark_dev', '🎮 BIG UPDATE: Top 5 improvements + Quick fixes', 'load-order', 'script-order-dependency', 'high', 'Reordered scripts: 6 removed, 2 added. Also: Added missing return statement — function was returning undefined; Added typeof !== undefined guard — variable was used before definition', 8, 0.9);
INSERT INTO fix_commits (repo_id, commit_hash, commit_date, author, message, category, pattern, severity, root_cause, file_count, confidence) VALUES ('webapp', 'cade89c1cc1d', '2026-01-30', 'genspark_dev', '🎴 FIX: Load all 108 cards from NW_CARDS', 'async-timing', 'missing-await', 'high', 'Added missing await — was ignoring promise result', 1, 0.6);
INSERT INTO fix_commits (repo_id, commit_hash, commit_date, author, message, category, pattern, severity, root_cause, file_count, confidence) VALUES ('webapp', 'b4a490529a0c', '2026-01-30', 'genspark_dev', '🍎 FIX: iOS audio unlock - init on first touch', 'null-reference', 'use-before-define', 'high', 'Added typeof !== undefined guard — variable was used before definition. Also: Changed to once:true listener — was firing multiple times; Added && guard — was executing without prerequisite check', 2, 0.9);
INSERT INTO fix_commits (repo_id, commit_hash, commit_date, author, message, category, pattern, severity, root_cause, file_count, confidence) VALUES ('webapp', '0180614aa028', '2026-01-30', 'genspark_dev', '🔊 FIX: Audio for mobile iOS', 'error-handling', 'unhandled-exception', 'medium', 'Wrapped code in try-catch — was crashing on error. Also: Wrapped code in try-catch — was crashing on error', 1, 0.7);
INSERT INTO fix_commits (repo_id, commit_hash, commit_date, author, message, category, pattern, severity, root_cause, file_count, confidence) VALUES ('webapp', '4fed8b855ded', '2026-01-30', 'genspark_dev', '🎴 FIX: Cards now show with REAL images', 'logic-error', 'missing-return-statement', 'high', 'logging to trace pack opening flow', 1, 0.8);
INSERT INTO fix_commits (repo_id, commit_hash, commit_date, author, message, category, pattern, severity, root_cause, file_count, confidence) VALUES ('webapp', 'b92756f853a5', '2026-01-30', 'genspark_dev', '🔧 FIX: DEV MODE fully working - tear animation ready', 'logic-error', 'missing-return-statement', 'high', 'Added missing return statement — function was returning undefined. Also: Added missing return statement — function was returning undefined; Added missing return statement — function was returning undefined', 2, 0.9);
INSERT INTO fix_commits (repo_id, commit_hash, commit_date, author, message, category, pattern, severity, root_cause, file_count, confidence) VALUES ('webapp', 'f5da910fd54b', '2026-01-30', 'genspark_dev', '🔧 FIX: Disable broken external scripts, add stubs', 'load-order', 'script-order-dependency', 'high', 'Reordered scripts: 11 removed, 11 added. Also: Wrapped code in try-catch — was crashing on error; Modified conditional logic', 4, 0.9);
INSERT INTO fix_commits (repo_id, commit_hash, commit_date, author, message, category, pattern, severity, root_cause, file_count, confidence) VALUES ('webapp', 'd11f1b75ef34', '2026-01-30', 'genspark_dev', '🔧 DEV MODE: Fix UI + New pack images', 'css-layout', 'overflow-hidden-clips-children', 'medium', 'Removed overflow:hidden to fix clipping. Also: Changed width: 300% → 100%; Changed height: 300% → 100%', 1, 0.9);
INSERT INTO fix_commits (repo_id, commit_hash, commit_date, author, message, category, pattern, severity, root_cause, file_count, confidence) VALUES ('webapp', 'dd10415e5857', '2026-01-30', 'genspark_dev', '🎴 SIMPLIFIED: Remove orange bar, add text label, fix tear animation', 'dom-mutation', 'innerhtml-destroys-handlers', 'high', 'Replaced innerHTML with textContent — XSS or handler-destruction fix. Also: Modified conditional logic; Modified conditional logic', 1, 0.9);
INSERT INTO fix_commits (repo_id, commit_hash, commit_date, author, message, category, pattern, severity, root_cause, file_count, confidence) VALUES ('webapp', '3af8bfb4442d', '2026-01-30', 'genspark_dev', '🎴 FIX: Remove orange overlay blocking pack + improved tear animation', 'css-layout', 'overflow-hidden-clips-children', 'medium', 'Removed overflow:hidden to fix clipping. Also: Changed z-index: 5 → 1; Changed z-index: 5 → 10', 1, 0.9);
INSERT INTO fix_commits (repo_id, commit_hash, commit_date, author, message, category, pattern, severity, root_cause, file_count, confidence) VALUES ('webapp', '6bf2e0c65b58', '2026-01-30', 'genspark_dev', '🔧 FIX: Card reveal animation - rename variable conflict + safety net', 'async-timing', 'race-condition-needs-delay', 'medium', 'Variable ''revealCard'' conflicted with function name ''revealCard()''', 1, 0.8);
INSERT INTO fix_commits (repo_id, commit_hash, commit_date, author, message, category, pattern, severity, root_cause, file_count, confidence) VALUES ('webapp', '3f7fdbbed79e', '2026-01-30', 'genspark_dev', '🎴 FIX: Pack body = Card size, Seal is EXTRA on top', 'css-layout', 'wrong-css-value', 'low', 'Pack total size = card size, but pack has seal + body', 2, 0.9);
INSERT INTO fix_commits (repo_id, commit_hash, commit_date, author, message, category, pattern, severity, root_cause, file_count, confidence) VALUES ('webapp', '1c4902889e33', '2026-01-30', 'genspark_dev', '🎴 FIX: Card stage now has explicit size, card fills parent', 'css-layout', 'wrong-css-value', 'low', '.card-stage had no size, so .reveal-card couldn''t inherit', 1, 0.9);
INSERT INTO fix_commits (repo_id, commit_hash, commit_date, author, message, category, pattern, severity, root_cause, file_count, confidence) VALUES ('webapp', '317e435bd0a2', '2026-01-30', 'genspark_dev', '🎴 FIX: Card image now fills entire reveal card', 'css-layout', 'wrong-css-value', 'medium', 'Changed display: flex → none !important. Also: Removed overflow:hidden to fix clipping; Changed width: 100% → 100% !important', 1, 0.9);
INSERT INTO fix_commits (repo_id, commit_hash, commit_date, author, message, category, pattern, severity, root_cause, file_count, confidence) VALUES ('webapp', '91cc133d1fec', '2026-01-30', 'genspark_dev', '🎴 FIX: Pack smaller, Card BIGGER', 'css-layout', 'wrong-css-value', 'low', 'Changed height: calc(65vh * 1.4) → calc(75vw * 1.4) !important. Also: Changed max-width: 90vw → 350px !important; Changed max-height: 75vh → 490px !important', 1, 0.9);
INSERT INTO fix_commits (repo_id, commit_hash, commit_date, author, message, category, pattern, severity, root_cause, file_count, confidence) VALUES ('webapp', '2657a1b25e9a', '2026-01-30', 'genspark_dev', '🔧 FIX: Pack/card sizing and centering issues', 'mobile-compat', 'missing-responsive-breakpoint', 'medium', 'Added responsive breakpoint — was broken on different screen sizes. Also: Changed width: min(320px, 80vw) → min(340px, 85vw); Changed height: calc(min(320px, 80vw) * 1.4) → calc(min(340px, 85vw) * 1.4)', 2, 0.9);
INSERT INTO fix_commits (repo_id, commit_hash, commit_date, author, message, category, pattern, severity, root_cause, file_count, confidence) VALUES ('webapp', '3b1203bed2ba', '2026-01-30', 'genspark_dev', 'Fix pack box creation - proper DOM structure with no string escaping issues', 'css-layout', 'overflow-hidden-clips-children', 'high', 'Added overflow:hidden — may clip child elements. Also: Added missing return statement — function was returning undefined', 1, 0.7);
INSERT INTO fix_commits (repo_id, commit_hash, commit_date, author, message, category, pattern, severity, root_cause, file_count, confidence) VALUES ('webapp', 'b7fb049c3bbf', '2026-01-30', 'genspark_dev', 'Fix pack bag/box - DOM-based creation with robust inline styles, larger dimensions', 'css-layout', 'overflow-hidden-clips-children', 'high', 'Added overflow:hidden — may clip child elements. Also: Replaced innerHTML with textContent — XSS or handler-destruction fix; Added touch event handling — broken on mobile', 1, 0.9);
INSERT INTO fix_commits (repo_id, commit_hash, commit_date, author, message, category, pattern, severity, root_cause, file_count, confidence) VALUES ('webapp', 'c6da02f37e87', '2026-01-30', 'genspark_dev', 'Fix pack bag size - larger dimensions, better visibility, proper layout', 'css-layout', 'wrong-css-value', 'low', 'Changed perspective-origin: 50% 40% → 50% 50%. Also: Changed bottom: 80px → 100px; Changed font-size: 16px → 18px', 1, 0.9);
INSERT INTO fix_commits (repo_id, commit_hash, commit_date, author, message, category, pattern, severity, root_cause, file_count, confidence) VALUES ('webapp', '97fdfa0e335c', '2026-01-30', 'genspark_dev', 'Fix pack bag layout - proper flex structure with visible seal and body', 'css-layout', 'overflow-hidden-clips-children', 'high', 'Added overflow:hidden — may clip child elements. Also: Changed position: absolute → relative; Removed overflow:hidden to fix clipping', 1, 0.9);
INSERT INTO fix_commits (repo_id, commit_hash, commit_date, author, message, category, pattern, severity, root_cause, file_count, confidence) VALUES ('webapp', '23cdb09cad18', '2026-01-30', 'genspark_dev', 'Fix card position - center under finger during drag', 'css-layout', 'wrong-css-value', 'low', 'Changed transform: scale(1.15) rotate(-3deg) !important → scale(1.1) rotate(-2deg) !important. Also: Changed transition: transform 0.1s, box-shadow 0.1s !important → none !important; Changed box-shadow: 0 30px 60px rgba(0,0,0,0.8), 0 0 60px var(--mythic) !important → 0 25px 50px rgba(0,0,0,0.8), 0 0', 1, 0.9);
INSERT INTO fix_commits (repo_id, commit_hash, commit_date, author, message, category, pattern, severity, root_cause, file_count, confidence) VALUES ('webapp', '133f84e7a8e7', '2026-01-30', 'genspark_dev', 'Fix drag visibility - move card to body during drag', 'css-layout', 'css-layout-issue', 'medium', 'drag visibility - move card to body during drag', 1, 0.3);
INSERT INTO fix_commits (repo_id, commit_hash, commit_date, author, message, category, pattern, severity, root_cause, file_count, confidence) VALUES ('webapp', 'a52c3bfd4b98', '2026-01-30', 'genspark_dev', 'Fix card images + disable rotation prompt', 'css-layout', 'missing-display-none', 'low', 'Added display:none — element was incorrectly visible. Also: Changed resource path; Added string fallback — was showing undefined/null in UI', 2, 0.9);
INSERT INTO fix_commits (repo_id, commit_hash, commit_date, author, message, category, pattern, severity, root_cause, file_count, confidence) VALUES ('webapp', '2daa606436ce', '2026-01-30', 'genspark_dev', 'Simplified drag-drop: actual card follows finger, fixed countdown timing', 'css-layout', 'wrong-css-value', 'medium', 'Changed overflow: visible → hidden. Also: Changed display: flex → block; Changed position: relative → absolute', 1, 0.9);
INSERT INTO fix_commits (repo_id, commit_hash, commit_date, author, message, category, pattern, severity, root_cause, file_count, confidence) VALUES ('webapp', 'c05f7785c66a', '2026-01-30', 'genspark_dev', 'Fix countdown and add debug skip param', 'error-handling', 'unhandled-exception', 'medium', 'Wrapped code in try-catch — was crashing on error. Also: Wrapped code in try-catch — was crashing on error', 1, 0.7);
INSERT INTO fix_commits (repo_id, commit_hash, commit_date, author, message, category, pattern, severity, root_cause, file_count, confidence) VALUES ('webapp', 'e0e2ee91413f', '2026-01-30', 'genspark_dev', 'Fix countdown - add error handling and fix screenShake param', 'error-handling', 'unhandled-exception', 'medium', 'Wrapped code in try-catch — was crashing on error. Also: Modified conditional logic', 1, 0.7);
INSERT INTO fix_commits (repo_id, commit_hash, commit_date, author, message, category, pattern, severity, root_cause, file_count, confidence) VALUES ('webapp', 'c77b26043316', '2026-01-30', 'genspark_dev', 'Fix card loading in battle arena - handle JSON structure', 'other', 'card-loading-battle-arena', 'medium', 'card loading in battle arena - handle JSON structure', 1, 0.3);
INSERT INTO fix_commits (repo_id, commit_hash, commit_date, author, message, category, pattern, severity, root_cause, file_count, confidence) VALUES ('webapp', '7c3c48bed89a', '2026-01-30', 'genspark_dev', 'Fix card loading - await NW_CARDS.init() before getAll()', 'async-timing', 'missing-await', 'high', 'Added missing await — was ignoring promise result. Also: Wrapped code in try-catch — was crashing on error; Modified conditional logic', 2, 0.8);
INSERT INTO fix_commits (repo_id, commit_hash, commit_date, author, message, category, pattern, severity, root_cause, file_count, confidence) VALUES ('webapp', 'e963e39cb9a5', '2026-01-29', 'genspark_dev', 'Fix card flip - single solid card, no visible layers', 'css-layout', 'wrong-css-value', 'low', 'Changed transform: rotateY(180deg) → rotateY(180deg) translateZ(1px). Also: Changed background: transparent → #000; Changed border-radius: 16px !important → 16px', 1, 0.9);
INSERT INTO fix_commits (repo_id, commit_hash, commit_date, author, message, category, pattern, severity, root_cause, file_count, confidence) VALUES ('webapp', '507ab9eb0df2', '2026-01-29', 'genspark_dev', 'Fix black triangle artifact - unified border-radius and full-bleed inner', 'css-layout', 'wrong-css-value', 'low', '- .card-face had 16px radius, but .nw-card-inner had 12px', 1, 0.9);
INSERT INTO fix_commits (repo_id, commit_hash, commit_date, author, message, category, pattern, severity, root_cause, file_count, confidence) VALUES ('webapp', '8522a907beb2', '2026-01-29', 'genspark_dev', 'Fix card frame overflow - remove triangle artifacts', 'css-layout', 'overflow-hidden-clips-children', 'high', 'Added overflow:hidden — may clip child elements. Also: Added overflow:hidden — may clip child elements; Added display:none — element was incorrectly visible', 2, 0.9);
INSERT INTO fix_commits (repo_id, commit_hash, commit_date, author, message, category, pattern, severity, root_cause, file_count, confidence) VALUES ('webapp', '1cd9a239ec9d', '2026-01-29', 'genspark_dev', 'Fix gacha image display - add error handling and fallbacks', 'logic-error', 'missing-return-statement', 'high', 'Added missing return statement — function was returning undefined. Also: Added missing return statement — function was returning undefined; Added 1 optional chaining operator(s) — null reference fix', 5, 0.9);
INSERT INTO fix_commits (repo_id, commit_hash, commit_date, author, message, category, pattern, severity, root_cause, file_count, confidence) VALUES ('webapp', 'a83287877617', '2026-01-29', 'genspark_dev', 'v2.7: Add auto-helper system - detects issues, auto-fixes, records pain points for future automation', 'css-layout', 'wrong-css-value', 'high', 'Changed overflow: hidden → visible. Also: Removed overflow:hidden to fix clipping; Added touch event handling — broken on mobile', 5, 0.9);
INSERT INTO fix_commits (repo_id, commit_hash, commit_date, author, message, category, pattern, severity, root_cause, file_count, confidence) VALUES ('webapp', '62ceb429fc4a', '2026-01-29', 'genspark_dev', 'v2.5.1: Fix card frames - rounded corners, proper visibility, cleaner design', 'css-layout', 'wrong-css-value', 'medium', 'Changed z-index: 10 → -1. Also: Added touch event handling — broken on mobile; Changed border-radius: 14px → 16px', 1, 0.9);
INSERT INTO fix_commits (repo_id, commit_hash, commit_date, author, message, category, pattern, severity, root_cause, file_count, confidence) VALUES ('webapp', 'd42f95018933', '2026-01-29', 'genspark_dev', 'v2.2: Fix card gallery to load 108 cards dynamically from cards-v2.json', 'other', 'v22-fix-card-gallery', 'medium', 'v2.2: Fix card gallery to load 108 cards dynamically from cards-v2.json', 2, 0.3);
INSERT INTO fix_commits (repo_id, commit_hash, commit_date, author, message, category, pattern, severity, root_cause, file_count, confidence) VALUES ('webapp', '18683e429482', '2026-01-29', 'genspark_dev', 'Fix card carousel to use cards-v2.json and correct image path', 'api-contract', 'api-contract-issue', 'medium', 'card carousel to use cards-v2.json and correct image path', 3, 0.3);
INSERT INTO fix_commits (repo_id, commit_hash, commit_date, author, message, category, pattern, severity, root_cause, file_count, confidence) VALUES ('webapp', '9eb6152011f8', '2026-01-29', 'genspark_dev', 'Fix card frame z-index stacking and replace emoji icons with SVG', 'css-layout', 'wrong-css-value', 'high', 'Changed overflow: visible → hidden. Also: Changed z-index: 1 → 2; z-index: 1 → 2 — stacking context collision', 6, 0.9);
INSERT INTO fix_commits (repo_id, commit_hash, commit_date, author, message, category, pattern, severity, root_cause, file_count, confidence) VALUES ('webapp', '09b9f2cfd98f', '2026-01-28', 'GenSpark Developer', '🔧 Fix wallet bugs: Cancel listing + Language dropdown CSS', 'null-reference', 'missing-precondition-check', 'medium', 'Added && guard — was executing without prerequisite check', 1, 0.6);
INSERT INTO fix_commits (repo_id, commit_hash, commit_date, author, message, category, pattern, severity, root_cause, file_count, confidence) VALUES ('webapp', '4e38faf94b23', '2026-01-28', 'GenSpark Developer', 'Fix: Serve main page from public/index.html instead of inline HTML', 'load-order', 'defer-before-dependency', 'high', 'Removed defer attribute from script tag. Also: Removed overflow:hidden to fix clipping', 1, 0.7);
INSERT INTO fix_commits (repo_id, commit_hash, commit_date, author, message, category, pattern, severity, root_cause, file_count, confidence) VALUES ('webapp', '688aabe24bfc', '2026-01-27', 'genspark_dev', 'Fix: Allow vertical scroll through carousel - detect swipe direction, only capture horizontal', 'css-layout', 'wrong-css-value', 'low', 'Changed passive: false }) → true })', 1, 0.6);
INSERT INTO fix_commits (repo_id, commit_hash, commit_date, author, message, category, pattern, severity, root_cause, file_count, confidence) VALUES ('webapp', 'df25ae91807f', '2026-01-27', 'genspark_dev', 'Fix: Image fills card (object-fit: cover), shows upper 30% (characters/action)', 'css-layout', 'wrong-css-value', 'low', 'Changed object-fit: contain → cover. Also: Changed object-position: center top → center 30%', 1, 0.7);
INSERT INTO fix_commits (repo_id, commit_hash, commit_date, author, message, category, pattern, severity, root_cause, file_count, confidence) VALUES ('webapp', 'd1aeb844d7b9', '2026-01-27', 'genspark_dev', 'Fix: reduce velocity sensitivity (200 -> 30) to prevent instant scroll to end', 'other', 'reduce-velocity-sensitivity-200', 'medium', 'reduce velocity sensitivity (200 -> 30) to prevent instant scroll to end', 1, 0.3);
INSERT INTO fix_commits (repo_id, commit_hash, commit_date, author, message, category, pattern, severity, root_cause, file_count, confidence) VALUES ('webapp', '057213f9600d', '2026-01-27', 'genspark_dev', 'Fix: Remove duplicate startX/isDragging declarations causing JS error', 'other', 'remove-duplicate-startxisdragging-declar', 'medium', 'Remove duplicate startX/isDragging declarations causing JS error', 1, 0.3);
INSERT INTO fix_commits (repo_id, commit_hash, commit_date, author, message, category, pattern, severity, root_cause, file_count, confidence) VALUES ('webapp', '2fb6494d9e0e', '2026-01-27', 'genspark_dev', 'Fix: Show full image (object-fit: contain), add lightbox for full-screen view on click', 'css-layout', 'object-fit-crops-content', 'medium', 'Changed object-fit: cover → contain — image was being cropped. Also: Changed height: 100% → calc(100% - 70px); Changed object-fit: cover → contain', 1, 0.9);
INSERT INTO fix_commits (repo_id, commit_hash, commit_date, author, message, category, pattern, severity, root_cause, file_count, confidence) VALUES ('webapp', 'd37e524cf5ef', '2026-01-27', 'genspark_dev', 'Fix carousel shaking (GPU acceleration), enhance glow, add member fan-out carousel', 'css-layout', 'wrong-css-value', 'low', 'Changed perspective: 1000px → 1200px. Also: Changed photo-carousel: :-webkit-scrollbar {
/* Individual Photo Card - Premium Glass Style */
.photo-card {
transition: all 0.5s cubic-bezier(0.23, 1, 0.32, 1) → :-webkit-scrollbar,
.member-carousel::-webkit-scrollbar {
/* Individual Photo Card - Premium ', 1, 0.9);
INSERT INTO fix_commits (repo_id, commit_hash, commit_date, author, message, category, pattern, severity, root_cause, file_count, confidence) VALUES ('webapp', '795e51b438f3', '2026-01-27', 'genspark_dev', 'Revert "Add splash screen: instant branded screen before loading (0 dependencies)"', 'build-config', 'wrong-asset-path', 'low', 'Changed resource path', 1, 0.6);
INSERT INTO fix_commits (repo_id, commit_hash, commit_date, author, message, category, pattern, severity, root_cause, file_count, confidence) VALUES ('webapp', 'cb70a065718b', '2026-01-26', 'genspark_dev', 'Fix i18n: add race translations (EN/ZH/TH), cleaner CP race design, remove flashy animations', 'logic-error', 'string-concatenation-bug', 'low', 'Switched from string concat to template literal — concatenation bug', 2, 0.6);
INSERT INTO fix_commits (repo_id, commit_hash, commit_date, author, message, category, pattern, severity, root_cause, file_count, confidence) VALUES ('webapp', 'b6d7f8bdcc60', '2026-01-26', 'genspark_dev', 'Fix roster: use JSON data, show CP gains, add 小可愛 role style (pink)', 'css-layout', 'style-issue', 'medium', 'roster: use JSON data, show CP gains, add 小可愛 role style (pink)', 2, 0.3);
INSERT INTO fix_commits (repo_id, commit_hash, commit_date, author, message, category, pattern, severity, root_cause, file_count, confidence) VALUES ('webapp', 'b9efa4850dc5', '2026-01-26', 'genspark_dev', 'Revert "Update roster: 9 active members with latest CP data (2026-01-26)"', 'test-failure', 'test-issue', 'medium', '"Update roster: 9 active members with latest CP data (2026-01-26)"', 1, 0.3);

INSERT INTO fix_chains (repo_id, break_hash, break_message, fix_hash, fix_message, hours_to_fix) VALUES ('webapp', '175bf371', 'feat(dashboard+learning+data-product): live dashboard, deep compress, validation loop, sale-ready mi', '16c62641', 'refactor: fix stale identifiers, harden init, clean dead code, optimize perf', 24);
INSERT INTO fix_chains (repo_id, break_hash, break_message, fix_hash, fix_message, hours_to_fix) VALUES ('webapp', 'f965e84e', 'fix(portable): make mycelium work on any repo — fix --init crash, strip NumbahWan refs, fix watch.cj', '847fe089', 'fix(honesty): record underselling breakage + add HONESTY GATE to CLAUDE.md — never claim something d', 0);
INSERT INTO fix_chains (repo_id, break_hash, break_message, fix_hash, fix_message, hours_to_fix) VALUES ('webapp', '847fe089', 'fix(honesty): record underselling breakage + add HONESTY GATE to CLAUDE.md — never claim something d', 'adf49f14', 'fix(showcase): strip fake impact metrics (hours/money/pts saved) — replace with provable numbers onl', 0);
INSERT INTO fix_chains (repo_id, break_hash, break_message, fix_hash, fix_message, hours_to_fix) VALUES ('webapp', 'adf49f14', 'fix(showcase): strip fake impact metrics (hours/money/pts saved) — replace with provable numbers onl', '1998cc92', 'feat(regression): 12 real regression tests targeting actual breakage patterns — caught and fixed dig', 0);
INSERT INTO fix_chains (repo_id, break_hash, break_message, fix_hash, fix_message, hours_to_fix) VALUES ('webapp', 'c2bd51e6', 'feat(hardening): add data-testid to 6 repeat-offender pages (events, pvp, embassy, index, historical', '8f81ad8e', 'revert(refactor): undo cosmetic file moves + add VALUE GATE constraint — no busywork without measura', 0);
INSERT INTO fix_chains (repo_id, break_hash, break_message, fix_hash, fix_message, hours_to_fix) VALUES ('webapp', 'b895bc58', 'feat(eval-v3): honest momentum-aware scoring — sliding window, hardening credit, no gaming', '652f3af8', 'fix(ship): sync-back handles stash + CLAUDE.md documents ship as mandatory deploy method', 0);
INSERT INTO fix_chains (repo_id, break_hash, break_message, fix_hash, fix_message, hours_to_fix) VALUES ('webapp', '373840d4', 'feat(automation): three-role architecture — Learner + Evaluator + Fixer (#14)', 'dd67dac1', 'fix(automation): make learning system fully automatic — no manual heal/eval needed (#13)', 0);
INSERT INTO fix_chains (repo_id, break_hash, break_message, fix_hash, fix_message, hours_to_fix) VALUES ('webapp', 'fa172e0f', 'feat(battle): add battle history stats + match log module (#11)', 'd9865b53', 'feat(self-heal): auto-eval + auto-fix learning system on every snapshot (#10)', 0);
INSERT INTO fix_chains (repo_id, break_hash, break_message, fix_hash, fix_message, hours_to_fix) VALUES ('webapp', '3aab4d9e', 'feat(eval): learning system evaluation — is it getting better or not? (#9)', '48ba4e3b', 'fix(hooks): wire gitwise into git hooks + update CLAUDE.md (#8)', 0);
INSERT INTO fix_chains (repo_id, break_hash, break_message, fix_hash, fix_message, hours_to_fix) VALUES ('webapp', 'bb1037f9', 'feat(battle): Complete Battle Arena v6.0 rewrite — mobile-first, tap-to-play', '3affe035', 'fix(battle): Auto-start game when overlay isn''t visible on iOS', 0);
INSERT INTO fix_chains (repo_id, break_hash, break_message, fix_hash, fix_message, hours_to_fix) VALUES ('webapp', '3affe035', 'fix(battle): Auto-start game when overlay isn''t visible on iOS', 'e25565d5', 'fix(battle): Don''t block init on Audio.init() - fixes iOS hand empty bug', 0);
INSERT INTO fix_chains (repo_id, break_hash, break_message, fix_hash, fix_message, hours_to_fix) VALUES ('webapp', 'e25565d5', 'fix(battle): Don''t block init on Audio.init() - fixes iOS hand empty bug', 'a64bf8da', 'fix(battle): Add mobile debug overlay + cache busting v5.1', 0);
INSERT INTO fix_chains (repo_id, break_hash, break_message, fix_hash, fix_message, hours_to_fix) VALUES ('webapp', 'a64bf8da', 'fix(battle): Add mobile debug overlay + cache busting v5.1', '76de3af6', 'fix(battle): Move deck building + hand dealing to START button click', 0);
INSERT INTO fix_chains (repo_id, break_hash, break_message, fix_hash, fix_message, hours_to_fix) VALUES ('webapp', '76de3af6', 'fix(battle): Move deck building + hand dealing to START button click', '46cec269', 'fix(battle): Mobile hand cards visibility + fix Illegal return statement', 0);
INSERT INTO fix_chains (repo_id, break_hash, break_message, fix_hash, fix_message, hours_to_fix) VALUES ('webapp', '46cec269', 'fix(battle): Mobile hand cards visibility + fix Illegal return statement', '1c919aa6', 'fix(battle): Fix mobile hand cards not visible — arena overflow + flex layout', 0);
INSERT INTO fix_chains (repo_id, break_hash, break_message, fix_hash, fix_message, hours_to_fix) VALUES ('webapp', 'e4587940', 'feat(battle): Upgrade to v5.0 — The Funnest Card Game Ever', 'bffff458', 'fix: Restore homepage — remove GSAP defer, fix digit-starting i18n keys', 24);
INSERT INTO fix_chains (repo_id, break_hash, break_message, fix_hash, fix_message, hours_to_fix) VALUES ('webapp', 'bffff458', 'fix: Restore homepage — remove GSAP defer, fix digit-starting i18n keys', 'd0d20984', 'perf: Score 75->82 (B+) — tiered architecture thresholds, API surface dedup fix, 309 scripts deferre', 0);
INSERT INTO fix_chains (repo_id, break_hash, break_message, fix_hash, fix_message, hours_to_fix) VALUES ('webapp', 'f78ac6bf', 'perf: Quick wins batch — score 67 -> 75 (B), 100MB bandwidth saved', '98b541bd', 'feat(sentinel): Upgrade to v2.5 — 10-module health platform with trend tracking & auto-fix engine', 0);
INSERT INTO fix_chains (repo_id, break_hash, break_message, fix_hash, fix_message, hours_to_fix) VALUES ('webapp', '98b541bd', 'feat(sentinel): Upgrade to v2.5 — 10-module health platform with trend tracking & auto-fix engine', '0abd8031', 'feat(i18n): Auto-fix 70 pages with NW-I18N Auto-Fixer v1.0', 0);
INSERT INTO fix_chains (repo_id, break_hash, break_message, fix_hash, fix_message, hours_to_fix) VALUES ('webapp', '7c3975b2', 'feat(tooling): Add automatic UI overlap detection system', 'a8311f88', 'feat(ui): Add UI Guardian v2.0 - automatic overlap detection and fix system', 0);
INSERT INTO fix_chains (repo_id, break_hash, break_message, fix_hash, fix_message, hours_to_fix) VALUES ('webapp', 'a8311f88', 'feat(ui): Add UI Guardian v2.0 - automatic overlap detection and fix system', '5111c6a4', 'fix(ui): Move card counter to LEFT side - no more overlap', 0);
INSERT INTO fix_chains (repo_id, break_hash, break_message, fix_hash, fix_message, hours_to_fix) VALUES ('webapp', '5111c6a4', 'fix(ui): Move card counter to LEFT side - no more overlap', '406af4d9', 'fix(ui): Larger filter buttons and fix card counter overlap', 0);
INSERT INTO fix_chains (repo_id, break_hash, break_message, fix_hash, fix_message, hours_to_fix) VALUES ('webapp', '406af4d9', 'fix(ui): Larger filter buttons and fix card counter overlap', '4e5dd99c', 'fix(ui): Moderate font size increase without overlapping', 0);
INSERT INTO fix_chains (repo_id, break_hash, break_message, fix_hash, fix_message, hours_to_fix) VALUES ('webapp', '54d0be08', 'Card #624: Amber Soprano hair now flows heavily down one side like reference', '082b7a66', 'Card #624: Fixed shutter shades (horizontal slats) + asymmetrical hair - workflow learning', 0);
INSERT INTO fix_chains (repo_id, break_hash, break_message, fix_hash, fix_message, hours_to_fix) VALUES ('webapp', '474e946a', 'COMPLETE: Migrate all 87 pages to unified i18n system', 'ad1c5d29', 'FIX: Unified i18n system - single source of truth', 0);
INSERT INTO fix_chains (repo_id, break_hash, break_message, fix_hash, fix_message, hours_to_fix) VALUES ('webapp', '3a81ac8f', 'UPGRADE: Premium currency icons v2.0 (256px)', '101f6578', 'FIX: Optimized currency icons + market page fixes', 0);
INSERT INTO fix_chains (repo_id, break_hash, break_message, fix_hash, fix_message, hours_to_fix) VALUES ('webapp', 'c2ba641c', 'UPGRADE: Premium PNG currency icons (NanoBanana generated)', 'ea47b53c', 'FIX: Wallet ID loading + currency display', 0);
INSERT INTO fix_chains (repo_id, break_hash, break_message, fix_hash, fix_message, hours_to_fix) VALUES ('webapp', 'fcb85258', 'Fix merch.html: null element error crashing product grid render', '717792e9', 'Fix merch.html: diamond -> nwg (3-tier currency)', 0);
INSERT INTO fix_chains (repo_id, break_hash, break_message, fix_hash, fix_message, hours_to_fix) VALUES ('webapp', 'c12c7366', 'HARD RULE #7: 3-Tier Currency System Audit', 'e231b1af', 'Fix iOS mobile overlap on Profile Card', 0);
INSERT INTO fix_chains (repo_id, break_hash, break_message, fix_hash, fix_message, hours_to_fix) VALUES ('webapp', 'a7d85729', 'Embassy: use single lang event listener', '7b4ab8d3', 'Embassy: fix language toggle + add hero banner', 0);
INSERT INTO fix_chains (repo_id, break_hash, break_message, fix_hash, fix_message, hours_to_fix) VALUES ('webapp', '18296c47', 'feat: Add 3-Step Fool-Proof Wyckoff Guide with TSMC example', '019988ea', 'fix: Use unified nw-nav i18n system for Wyckoff page', 0);
INSERT INTO fix_chains (repo_id, break_hash, break_message, fix_hash, fix_message, hours_to_fix) VALUES ('webapp', '5e91c3b8', 'fix: Show full card names - no truncation', 'ef1dbc62', 'fix: Unify card templates + remove ART COMING badge', 0);
INSERT INTO fix_chains (repo_id, break_hash, break_message, fix_hash, fix_message, hours_to_fix) VALUES ('webapp', 'ef1dbc62', 'fix: Unify card templates + remove ART COMING badge', 'f2d6ceac', 'fix: Show FULL card art - no cropping sword/feet', 0);
INSERT INTO fix_chains (repo_id, break_hash, break_message, fix_hash, fix_message, hours_to_fix) VALUES ('webapp', '535093e7', 'fix: Art fills frame completely (Pokemon/MTG style)', 'd48306d7', 'fix: Show full card art without cropping', 0);
INSERT INTO fix_chains (repo_id, break_hash, break_message, fix_hash, fix_message, hours_to_fix) VALUES ('webapp', '44b9e895', 'fix: 🖼️ Battle page images now load properly on iOS', 'c7444a4c', 'fix: 🖼️ Consolidate battle pages + cache-bust images', 0);
INSERT INTO fix_chains (repo_id, break_hash, break_message, fix_hash, fix_message, hours_to_fix) VALUES ('webapp', '44515c26', 'fix: 🖼️ Card images now loading - convert .png/.jpg to .webp', 'e0240e01', 'fix: 📱 Mobile-optimized Battle Arena v3.0', 0);
INSERT INTO fix_chains (repo_id, break_hash, break_message, fix_hash, fix_message, hours_to_fix) VALUES ('webapp', '98bccb01', 'feat: Real-time prices from Coinbase API', 'dfa41bc3', 'fix: Make live ticker actually tick every 2 seconds', 0);
INSERT INTO fix_chains (repo_id, break_hash, break_message, fix_hash, fix_message, hours_to_fix) VALUES ('webapp', 'dfa41bc3', 'fix: Make live ticker actually tick every 2 seconds', '7db8899a', 'fix: iOS language toggle on markets page - improved touch handling', 0);
INSERT INTO fix_chains (repo_id, break_hash, break_message, fix_hash, fix_message, hours_to_fix) VALUES ('webapp', 'f5b48bd1', 'Guide v3.2: Add fallback page data, works without NW_CONFIG', '4573bc73', 'Fix guide: translation keys now resolve properly (ui.title, ui.newBadge)', 0);
INSERT INTO fix_chains (repo_id, break_hash, break_message, fix_hash, fix_message, hours_to_fix) VALUES ('webapp', 'dc63a17f', 'Modularize giant HTML files: extract CSS/JS to separate files', '1e37554d', 'Major refactor: NW_USER system, extracted modules, route files, nav fixes', 0);
INSERT INTO fix_chains (repo_id, break_hash, break_message, fix_hash, fix_message, hours_to_fix) VALUES ('webapp', '1e37554d', 'Major refactor: NW_USER system, extracted modules, route files, nav fixes', 'd8f57156', 'Fix UX: Remove blocking back buttons, add NW_NAV integration, improve scroll behavior', 0);
INSERT INTO fix_chains (repo_id, break_hash, break_message, fix_hash, fix_message, hours_to_fix) VALUES ('webapp', '713b1875', 'Add nation-state features: Supreme Court, Treasury, Intelligence Agency, Citizen ID System', 'fad1a83f', 'Fix: Regina (one g) in nav as guild ship', 0);
INSERT INTO fix_chains (repo_id, break_hash, break_message, fix_hash, fix_message, hours_to_fix) VALUES ('webapp', 'fd461951', 'Add unified currency economy + merch dual pricing + AI guide enhancements', 'e1f09c9e', 'Fix wallet currencies to match unified system', 0);
INSERT INTO fix_chains (repo_id, break_hash, break_message, fix_hash, fix_message, hours_to_fix) VALUES ('webapp', '65b76088', 'feat: Add alumni photos with tech figures wearing NumbahWan merch', '2f9271df', 'fix: Update Chinese name for Parry Hotter to 巴利·霍特', 0);
INSERT INTO fix_chains (repo_id, break_hash, break_message, fix_hash, fix_message, hours_to_fix) VALUES ('webapp', '51fa6185', 'feat: Dynamic CP Race from JSON API - easy updates!', 'e0cce52b', 'fix: Remove BGM button, fix back-to-top position, add i18n to guild homepage', 0);
INSERT INTO fix_chains (repo_id, break_hash, break_message, fix_hash, fix_message, hours_to_fix) VALUES ('webapp', 'caf8babe', 'feat: add NW_UX Super Intuitive UX System', '2599626f', 'perf: fix animated icons to be static for faster FPS', 0);
INSERT INTO fix_chains (repo_id, break_hash, break_message, fix_hash, fix_message, hours_to_fix) VALUES ('webapp', 'b59c97f0', 'Fix: setupDevModeUI error, add GM mode event listeners for UI updates', 'f32596e5', 'Fix: pack opening animation - remove duplicate overlay hide that was skipping swipe', 0);
INSERT INTO fix_chains (repo_id, break_hash, break_message, fix_hash, fix_message, hours_to_fix) VALUES ('webapp', 'f32596e5', 'Fix: pack opening animation - remove duplicate overlay hide that was skipping swipe', 'dc5a24f4', 'Fix: move nav to top-RIGHT, fix lastLogBalance initialization error in forge', 0);
INSERT INTO fix_chains (repo_id, break_hash, break_message, fix_hash, fix_message, hours_to_fix) VALUES ('webapp', 'dc5a24f4', 'Fix: move nav to top-RIGHT, fix lastLogBalance initialization error in forge', '776a6756', 'Fix: GM mode persistence - call setupModeUI after wallet init, explicit GM check in spendLogs', 0);
INSERT INTO fix_chains (repo_id, break_hash, break_message, fix_hash, fix_message, hours_to_fix) VALUES ('webapp', '776a6756', 'Fix: GM mode persistence - call setupModeUI after wallet init, explicit GM check in spendLogs', '379f2225', 'Fix: DEV_MODE undefined in forge, auto-start battle for testing', 0);
INSERT INTO fix_chains (repo_id, break_hash, break_message, fix_hash, fix_message, hours_to_fix) VALUES ('webapp', '379f2225', 'Fix: DEV_MODE undefined in forge, auto-start battle for testing', '90e09abc', 'Fix battle: improved deck creation with fallbacks, better error handling and logging', 0);
INSERT INTO fix_chains (repo_id, break_hash, break_message, fix_hash, fix_message, hours_to_fix) VALUES ('webapp', '90e09abc', 'Fix battle: improved deck creation with fallbacks, better error handling and logging', 'aa8324bd', 'Fix: compact horizontal nav buttons (back+menu side by side), fix battle.html setupStartButton error', 0);
INSERT INTO fix_chains (repo_id, break_hash, break_message, fix_hash, fix_message, hours_to_fix) VALUES ('webapp', '304a4223', 'fix: Regenerate Zakum equipment images with proper 3D golden style', 'b46c0f14', 'fix: Convert all Zakum images to local WebP files', 0);
INSERT INTO fix_chains (repo_id, break_hash, break_message, fix_hash, fix_message, hours_to_fix) VALUES ('webapp', 'c2cd5360', '🐕 SEASON 2: Hounds of War - 108 new dog-themed cards', 'd96d0d30', '🎮 BIG UPDATE: Top 5 improvements + Quick fixes', 24);
INSERT INTO fix_chains (repo_id, break_hash, break_message, fix_hash, fix_message, hours_to_fix) VALUES ('webapp', 'd96d0d30', '🎮 BIG UPDATE: Top 5 improvements + Quick fixes', 'cade89c1', '🎴 FIX: Load all 108 cards from NW_CARDS', 0);
INSERT INTO fix_chains (repo_id, break_hash, break_message, fix_hash, fix_message, hours_to_fix) VALUES ('webapp', 'cade89c1', '🎴 FIX: Load all 108 cards from NW_CARDS', 'b4a49052', '🍎 FIX: iOS audio unlock - init on first touch', 0);
INSERT INTO fix_chains (repo_id, break_hash, break_message, fix_hash, fix_message, hours_to_fix) VALUES ('webapp', '07e01f86', '✨ RESTORE: Animations, glow, shake, flash effects', '0180614a', '🔊 FIX: Audio for mobile iOS', 0);
INSERT INTO fix_chains (repo_id, break_hash, break_message, fix_hash, fix_message, hours_to_fix) VALUES ('webapp', '48d4eda2', '🔧 DEBUG: Skip pack anim, add extensive logging for mobile', '4fed8b85', '🎴 FIX: Cards now show with REAL images', 0);
INSERT INTO fix_chains (repo_id, break_hash, break_message, fix_hash, fix_message, hours_to_fix) VALUES ('webapp', '4fed8b85', '🎴 FIX: Cards now show with REAL images', 'b92756f8', '🔧 FIX: DEV MODE fully working - tear animation ready', 0);
INSERT INTO fix_chains (repo_id, break_hash, break_message, fix_hash, fix_message, hours_to_fix) VALUES ('webapp', 'b92756f8', '🔧 FIX: DEV MODE fully working - tear animation ready', 'f5da910f', '🔧 FIX: Disable broken external scripts, add stubs', 0);
INSERT INTO fix_chains (repo_id, break_hash, break_message, fix_hash, fix_message, hours_to_fix) VALUES ('webapp', 'f5da910f', '🔧 FIX: Disable broken external scripts, add stubs', 'd11f1b75', '🔧 DEV MODE: Fix UI + New pack images', 0);
INSERT INTO fix_chains (repo_id, break_hash, break_message, fix_hash, fix_message, hours_to_fix) VALUES ('webapp', 'fef582df', '🔨 FORCE TRANSPARENT: Kill all orange backgrounds on pack-bag', 'dd10415e', '🎴 SIMPLIFIED: Remove orange bar, add text label, fix tear animation', 0);
INSERT INTO fix_chains (repo_id, break_hash, break_message, fix_hash, fix_message, hours_to_fix) VALUES ('webapp', 'dd10415e', '🎴 SIMPLIFIED: Remove orange bar, add text label, fix tear animation', '3af8bfb4', '🎴 FIX: Remove orange overlay blocking pack + improved tear animation', 0);
INSERT INTO fix_chains (repo_id, break_hash, break_message, fix_hash, fix_message, hours_to_fix) VALUES ('webapp', '3af8bfb4', '🎴 FIX: Remove orange overlay blocking pack + improved tear animation', '6bf2e0c6', '🔧 FIX: Card reveal animation - rename variable conflict + safety net', 0);
INSERT INTO fix_chains (repo_id, break_hash, break_message, fix_hash, fix_message, hours_to_fix) VALUES ('webapp', 'f07200ed', '🎴 NEW PACK SYSTEM: Full-bleed custom pack images', '3f7fdbbe', '🎴 FIX: Pack body = Card size, Seal is EXTRA on top', 0);
INSERT INTO fix_chains (repo_id, break_hash, break_message, fix_hash, fix_message, hours_to_fix) VALUES ('webapp', 'c6ba4625', '🎴 UNIFIED SIZING: CSS variables ensure pack = card ALWAYS', '1c490288', '🎴 FIX: Card stage now has explicit size, card fills parent', 0);
INSERT INTO fix_chains (repo_id, break_hash, break_message, fix_hash, fix_message, hours_to_fix) VALUES ('webapp', 'e1c99f06', '🎴 BIG CARDS: Remove max constraints, use viewport sizing only', '317e435b', '🎴 FIX: Card image now fills entire reveal card', 0);
INSERT INTO fix_chains (repo_id, break_hash, break_message, fix_hash, fix_message, hours_to_fix) VALUES ('webapp', '317e435b', '🎴 FIX: Card image now fills entire reveal card', '91cc133d', '🎴 FIX: Pack smaller, Card BIGGER', 0);
INSERT INTO fix_chains (repo_id, break_hash, break_message, fix_hash, fix_message, hours_to_fix) VALUES ('webapp', 'cd1c0797', '🎴 LARGER CARDS: Reveal card now ~75-85vw on mobile', '2657a1b2', '🔧 FIX: Pack/card sizing and centering issues', 0);
INSERT INTO fix_chains (repo_id, break_hash, break_message, fix_hash, fix_message, hours_to_fix) VALUES ('webapp', 'd5ad7bc8', 'Sideways swipe to tear bag - seal falls off to side, better UX', '3b1203be', 'Fix pack box creation - proper DOM structure with no string escaping issues', 0);
INSERT INTO fix_chains (repo_id, break_hash, break_message, fix_hash, fix_message, hours_to_fix) VALUES ('webapp', '3b1203be', 'Fix pack box creation - proper DOM structure with no string escaping issues', 'b7fb049c', 'Fix pack bag/box - DOM-based creation with robust inline styles, larger dimensions', 0);
INSERT INTO fix_chains (repo_id, break_hash, break_message, fix_hash, fix_message, hours_to_fix) VALUES ('webapp', 'b7fb049c', 'Fix pack bag/box - DOM-based creation with robust inline styles, larger dimensions', 'c6da02f3', 'Fix pack bag size - larger dimensions, better visibility, proper layout', 0);
INSERT INTO fix_chains (repo_id, break_hash, break_message, fix_hash, fix_message, hours_to_fix) VALUES ('webapp', 'c6da02f3', 'Fix pack bag size - larger dimensions, better visibility, proper layout', '97fdfa0e', 'Fix pack bag layout - proper flex structure with visible seal and body', 0);
INSERT INTO fix_chains (repo_id, break_hash, break_message, fix_hash, fix_message, hours_to_fix) VALUES ('webapp', '93fded71', 'Rewrite drag system - ghost card sticks to finger', '23cdb09c', 'Fix card position - center under finger during drag', 0);
INSERT INTO fix_chains (repo_id, break_hash, break_message, fix_hash, fix_message, hours_to_fix) VALUES ('webapp', '23cdb09c', 'Fix card position - center under finger during drag', '133f84e7', 'Fix drag visibility - move card to body during drag', 0);
INSERT INTO fix_chains (repo_id, break_hash, break_message, fix_hash, fix_message, hours_to_fix) VALUES ('webapp', 'ab39e5da', 'Auto-start game + improved deck creation logging', 'a52c3bfd', 'Fix card images + disable rotation prompt', 0);
INSERT INTO fix_chains (repo_id, break_hash, break_message, fix_hash, fix_message, hours_to_fix) VALUES ('webapp', 'fc4a2504', 'Landscape mode + buttery smooth UX', '2daa6064', 'Simplified drag-drop: actual card follows finger, fixed countdown timing', 0);
INSERT INTO fix_chains (repo_id, break_hash, break_message, fix_hash, fix_message, hours_to_fix) VALUES ('webapp', '2daa6064', 'Simplified drag-drop: actual card follows finger, fixed countdown timing', 'c05f7785', 'Fix countdown and add debug skip param', 0);
INSERT INTO fix_chains (repo_id, break_hash, break_message, fix_hash, fix_message, hours_to_fix) VALUES ('webapp', 'af0844bd', 'Add drag-and-drop card placement system', 'e0e2ee91', 'Fix countdown - add error handling and fix screenShake param', 0);
INSERT INTO fix_chains (repo_id, break_hash, break_message, fix_hash, fix_message, hours_to_fix) VALUES ('webapp', '2d1933ad', 'Mobile UX overhaul: larger cards + tap-to-view detail modal', 'c77b2604', 'Fix card loading in battle arena - handle JSON structure', 0);
INSERT INTO fix_chains (repo_id, break_hash, break_message, fix_hash, fix_message, hours_to_fix) VALUES ('webapp', 'c77b2604', 'Fix card loading in battle arena - handle JSON structure', '7c3c48be', 'Fix card loading - await NW_CARDS.init() before getAll()', 0);
INSERT INTO fix_chains (repo_id, break_hash, break_message, fix_hash, fix_message, hours_to_fix) VALUES ('webapp', 'b37688a1', 'Simplify card reveal - single clean card with proper glow', 'e963e39c', 'Fix card flip - single solid card, no visible layers', 0);
INSERT INTO fix_chains (repo_id, break_hash, break_message, fix_hash, fix_message, hours_to_fix) VALUES ('webapp', 'e963e39c', 'Fix card flip - single solid card, no visible layers', '507ab9eb', 'Fix black triangle artifact - unified border-radius and full-bleed inner', 0);
INSERT INTO fix_chains (repo_id, break_hash, break_message, fix_hash, fix_message, hours_to_fix) VALUES ('webapp', 'a1875e01', 'Add NW_JUICE Game Juice System - high-performance TCG effects', '8522a907', 'Fix card frame overflow - remove triangle artifacts', 0);
INSERT INTO fix_chains (repo_id, break_hash, break_message, fix_hash, fix_message, hours_to_fix) VALUES ('webapp', '33d5eb91', 'Optimize gacha image loading - use thumbnails + preloading', '1cd9a239', 'Fix gacha image display - add error handling and fallbacks', 0);
INSERT INTO fix_chains (repo_id, break_hash, break_message, fix_hash, fix_message, hours_to_fix) VALUES ('webapp', '814081c7', 'v2.8: Add nw-debugger - auto-debug and optimization system', 'a8328787', 'v2.7: Add auto-helper system - detects issues, auto-fixes, records pain points for future automation', 0);
INSERT INTO fix_chains (repo_id, break_hash, break_message, fix_hash, fix_message, hours_to_fix) VALUES ('webapp', '94a8a607', 'v2.6: Add big name banner above carousel - shows full card name while scrolling, removed truncated b', '62ceb429', 'v2.5.1: Fix card frames - rounded corners, proper visibility, cleaner design', 0);
INSERT INTO fix_chains (repo_id, break_hash, break_message, fix_hash, fix_message, hours_to_fix) VALUES ('webapp', '10d21386', 'v2.3: Add compressed WebP thumbnails for card gallery', 'd42f9501', 'v2.2: Fix card gallery to load 108 cards dynamically from cards-v2.json', 0);
INSERT INTO fix_chains (repo_id, break_hash, break_message, fix_hash, fix_message, hours_to_fix) VALUES ('webapp', 'dde09cb7', 'Reduce carousel sensitivity another 30% (21 -> 15)', '688aabe2', 'Fix: Allow vertical scroll through carousel - detect swipe direction, only capture horizontal', 0);
INSERT INTO fix_chains (repo_id, break_hash, break_message, fix_hash, fix_message, hours_to_fix) VALUES ('webapp', '688aabe2', 'Fix: Allow vertical scroll through carousel - detect swipe direction, only capture horizontal', 'df25ae91', 'Fix: Image fills card (object-fit: cover), shows upper 30% (characters/action)', 0);
INSERT INTO fix_chains (repo_id, break_hash, break_message, fix_hash, fix_message, hours_to_fix) VALUES ('webapp', '469080a3', 'Reduce scroll speed 30% (30 -> 21)', 'd1aeb844', 'Fix: reduce velocity sensitivity (200 -> 30) to prevent instant scroll to end', 0);
INSERT INTO fix_chains (repo_id, break_hash, break_message, fix_hash, fix_message, hours_to_fix) VALUES ('webapp', '51697ea3', 'Normal scroll sensitivity (200px = 1 card, max 4 cards/sec)', '057213f9', 'Fix: Remove duplicate startX/isDragging declarations causing JS error', 0);
INSERT INTO fix_chains (repo_id, break_hash, break_message, fix_hash, fix_message, hours_to_fix) VALUES ('webapp', 'dea7c25b', 'Improve momentum scroll: slower sensitivity (400px), higher friction (0.96), progressive deceleratio', '2fb6494d', 'Fix: Show full image (object-fit: contain), add lightbox for full-screen view on click', 0);
INSERT INTO fix_chains (repo_id, break_hash, break_message, fix_hash, fix_message, hours_to_fix) VALUES ('webapp', 'd6bf0b2e', 'Complete rewrite: Stacked deck carousel - zero jitter, fanned cards with 3D perspective', 'd37e524c', 'Fix carousel shaking (GPU acceleration), enhance glow, add member fan-out carousel', 0);
INSERT INTO fix_chains (repo_id, break_hash, break_message, fix_hash, fix_message, hours_to_fix) VALUES ('webapp', '1ca8d66b', 'Add splash screen: instant branded screen before loading (0 dependencies)', 'cb70a065', 'Fix i18n: add race translations (EN/ZH/TH), cleaner CP race design, remove flashy animations', 24);
INSERT INTO fix_chains (repo_id, break_hash, break_message, fix_hash, fix_message, hours_to_fix) VALUES ('webapp', '626bfc44', 'Add performance tracking: snapshots, weekly highlights, humorous commentary, auto-update all stats', 'b6d7f8bd', 'Fix roster: use JSON data, show CP gains, add 小可愛 role style (pink)', 0);
INSERT INTO fix_chains (repo_id, break_hash, break_message, fix_hash, fix_message, hours_to_fix) VALUES ('webapp', 'b8f4422c', 'Update roster: 9 active members with correct ranks (小可愛=inactive, 領導=leader)', 'b9efa485', 'Revert "Update roster: 9 active members with latest CP data (2026-01-26)"', 0);
